Region,Resource Name,EndCap,NewCap,Policy,folder,case,iteration,weeks
CA_N,NGCCS,9476.261999999999,9476.261999999999,p2_2045_high_mid_REF_high,Base,max,Base,january_test
CA_N,ZCF,4313.641,0.067,p2_2045_high_mid_REF_high,Base,max,Base,january_test
CA_N,battery,11878.773000000001,11878.773000000001,p2_2045_high_mid_REF_high,Base,max,Base,january_test
CA_N,flexible_load,7498.595,0.0,p2_2045_high_mid_REF_high,Base,max,Base,january_test
CA_N,hydro,7274.007,0.0,p2_2045_high_mid_REF_high,Base,max,Base,january_test
CA_N,hydrogen_storage,0.004,0.004,p2_2045_high_mid_REF_high,Base,max,Base,january_test
CA_N,nuclear,0.0,0.0,p2_2045_high_mid_REF_high,Base,max,Base,january_test
CA_N,offshore_wind,0.006,0.006,p2_2045_high_mid_REF_high,Base,max,Base,january_test
CA_N,onshore_wind,1327.6159999999998,0.016,p2_2045_high_mid_REF_high,Base,max,Base,january_test
CA_N,other_renewables,942.3019999999999,0.0,p2_2045_high_mid_REF_high,Base,max,Base,january_test
CA_N,pumped_hydro,1791.0,0.0,p2_2045_high_mid_REF_high,Base,max,Base,january_test
CA_N,solar,33182.69900000001,30395.599000000006,p2_2045_high_mid_REF_high,Base,max,Base,january_test
CA_S,NGCCS,10164.495,10164.495,p2_2045_high_mid_REF_high,Base,max,Base,january_test
CA_S,ZCF,6202.366000000001,0.07100000000000001,p2_2045_high_mid_REF_high,Base,max,Base,january_test
CA_S,battery,18396.843999999997,18396.843999999997,p2_2045_high_mid_REF_high,Base,max,Base,january_test
CA_S,flexible_load,10523.132,0.0,p2_2045_high_mid_REF_high,Base,max,Base,january_test
CA_S,hydro,1396.2,0.0,p2_2045_high_mid_REF_high,Base,max,Base,january_test
CA_S,hydrogen_storage,0.004,0.004,p2_2045_high_mid_REF_high,Base,max,Base,january_test
CA_S,nuclear,0.0,0.0,p2_2045_high_mid_REF_high,Base,max,Base,january_test
CA_S,onshore_wind,8467.142999999996,3731.5430000000006,p2_2045_high_mid_REF_high,Base,max,Base,january_test
CA_S,other_renewables,804.667,0.0,p2_2045_high_mid_REF_high,Base,max,Base,january_test
CA_S,pumped_hydro,1665.0,0.0,p2_2045_high_mid_REF_high,Base,max,Base,january_test
CA_S,solar,44130.894,34610.894,p2_2045_high_mid_REF_high,Base,max,Base,january_test
WECC_N,ZCF,3326.105,0.0,p2_2045_high_mid_REF_high,Base,max,Base,january_test
WECC_N,battery,3692.301,3692.301,p2_2045_high_mid_REF_high,Base,max,Base,january_test
WECC_N,flexible_load,3946.495,0.0,p2_2045_high_mid_REF_high,Base,max,Base,january_test
WECC_N,hydro,4647.835,0.0,p2_2045_high_mid_REF_high,Base,max,Base,january_test
WECC_N,hydrogen_storage,0.009000000000000001,0.009000000000000001,p2_2045_high_mid_REF_high,Base,max,Base,january_test
WECC_N,nuclear,0.011000000000000001,0.011000000000000001,p2_2045_high_mid_REF_high,Base,max,Base,january_test
WECC_N,onshore_wind,28709.158999999992,24815.258999999995,p2_2045_high_mid_REF_high,Base,max,Base,january_test
WECC_N,other_renewables,400.29400000000004,0.0,p2_2045_high_mid_REF_high,Base,max,Base,january_test
WECC_N,solar,20543.517,19357.817000000003,p2_2045_high_mid_REF_high,Base,max,Base,january_test
WECC_NMAZ,NGCCS,1888.089,1888.089,p2_2045_high_mid_REF_high,Base,max,Base,january_test
WECC_NMAZ,ZCF,4957.397,0.122,p2_2045_high_mid_REF_high,Base,max,Base,january_test
WECC_NMAZ,battery,4591.903,4591.903,p2_2045_high_mid_REF_high,Base,max,Base,january_test
WECC_NMAZ,flexible_load,7852.401999999999,0.0,p2_2045_high_mid_REF_high,Base,max,Base,january_test
WECC_NMAZ,hydro,3960.0,0.0,p2_2045_high_mid_REF_high,Base,max,Base,january_test
WECC_NMAZ,hydrogen_storage,0.006999999999999999,0.006999999999999999,p2_2045_high_mid_REF_high,Base,max,Base,january_test
WECC_NMAZ,nuclear,4003.0110000000004,0.012,p2_2045_high_mid_REF_high,Base,max,Base,january_test
WECC_NMAZ,onshore_wind,39223.99799999999,37988.898,p2_2045_high_mid_REF_high,Base,max,Base,january_test
WECC_NMAZ,other_renewables,18.294,0.0,p2_2045_high_mid_REF_high,Base,max,Base,january_test
WECC_NMAZ,pumped_hydro,216.3,0.0,p2_2045_high_mid_REF_high,Base,max,Base,january_test
WECC_NMAZ,solar,14672.983999999999,8406.583999999999,p2_2045_high_mid_REF_high,Base,max,Base,january_test
WECC_PNW,ZCF,2325.998,0.0,p2_2045_high_mid_REF_high,Base,max,Base,january_test
WECC_PNW,battery,7783.406999999999,7783.406999999999,p2_2045_high_mid_REF_high,Base,max,Base,january_test
WECC_PNW,flexible_load,8967.414,0.0,p2_2045_high_mid_REF_high,Base,max,Base,january_test
WECC_PNW,hydro,29848.5,0.0,p2_2045_high_mid_REF_high,Base,max,Base,january_test
WECC_PNW,hydrogen_storage,0.006,0.006,p2_2045_high_mid_REF_high,Base,max,Base,january_test
WECC_PNW,nuclear,0.02,0.02,p2_2045_high_mid_REF_high,Base,max,Base,january_test
WECC_PNW,offshore_wind,0.003,0.003,p2_2045_high_mid_REF_high,Base,max,Base,january_test
WECC_PNW,onshore_wind,12965.506,7711.506,p2_2045_high_mid_REF_high,Base,max,Base,january_test
WECC_PNW,other_renewables,91.85699999999999,0.0,p2_2045_high_mid_REF_high,Base,max,Base,january_test
WECC_PNW,pumped_hydro,313.998,0.0,p2_2045_high_mid_REF_high,Base,max,Base,january_test
WECC_PNW,solar,30982.808999999997,30772.909,p2_2045_high_mid_REF_high,Base,max,Base,january_test
WECC_WYCO,NGCCS,6900.648,6900.648,p2_2045_high_mid_REF_high,Base,max,Base,january_test
WECC_WYCO,ZCF,3844.05,1949.046,p2_2045_high_mid_REF_high,Base,max,Base,january_test
WECC_WYCO,battery,1690.527,1690.527,p2_2045_high_mid_REF_high,Base,max,Base,january_test
WECC_WYCO,flexible_load,5226.18,0.0,p2_2045_high_mid_REF_high,Base,max,Base,january_test
WECC_WYCO,hydro,961.87,0.0,p2_2045_high_mid_REF_high,Base,max,Base,january_test
WECC_WYCO,hydrogen_storage,0.01,0.01,p2_2045_high_mid_REF_high,Base,max,Base,january_test
WECC_WYCO,nuclear,0.012,0.012,p2_2045_high_mid_REF_high,Base,max,Base,january_test
WECC_WYCO,onshore_wind,36134.143,30382.443,p2_2045_high_mid_REF_high,Base,max,Base,january_test
WECC_WYCO,other_renewables,9.676,0.0,p2_2045_high_mid_REF_high,Base,max,Base,january_test
WECC_WYCO,pumped_hydro,562.5,0.0,p2_2045_high_mid_REF_high,Base,max,Base,january_test
WECC_WYCO,solar,3395.5429999999997,2802.4429999999998,p2_2045_high_mid_REF_high,Base,max,Base,january_test
CA_N,NGCCS,11123.298999999999,11123.298999999999,p2_2045_high_mid_REF_high,MGA_0.05_28,max,MGA_1,january_test
CA_N,ZCF,1685.5739999999998,0.062,p2_2045_high_mid_REF_high,MGA_0.05_28,max,MGA_1,january_test
CA_N,battery,11412.392,11412.392,p2_2045_high_mid_REF_high,MGA_0.05_28,max,MGA_1,january_test
CA_N,flexible_load,7498.595,0.0,p2_2045_high_mid_REF_high,MGA_0.05_28,max,MGA_1,january_test
CA_N,hydro,7274.007,0.0,p2_2045_high_mid_REF_high,MGA_0.05_28,max,MGA_1,january_test
CA_N,hydrogen_storage,0.008,0.008,p2_2045_high_mid_REF_high,MGA_0.05_28,max,MGA_1,january_test
CA_N,nuclear,0.0,0.0,p2_2045_high_mid_REF_high,MGA_0.05_28,max,MGA_1,january_test
CA_N,offshore_wind,0.0,0.0,p2_2045_high_mid_REF_high,MGA_0.05_28,max,MGA_1,january_test
CA_N,onshore_wind,1327.6089999999997,0.009000000000000001,p2_2045_high_mid_REF_high,MGA_0.05_28,max,MGA_1,january_test
CA_N,other_renewables,942.3019999999999,0.0,p2_2045_high_mid_REF_high,MGA_0.05_28,max,MGA_1,january_test
CA_N,pumped_hydro,1791.0,0.0,p2_2045_high_mid_REF_high,MGA_0.05_28,max,MGA_1,january_test
CA_N,solar,35092.652,32305.552000000003,p2_2045_high_mid_REF_high,MGA_0.05_28,max,MGA_1,january_test
CA_S,NGCCS,23699.189,23699.189,p2_2045_high_mid_REF_high,MGA_0.05_28,max,MGA_1,january_test
CA_S,ZCF,6201.388000000001,0.071,p2_2045_high_mid_REF_high,MGA_0.05_28,max,MGA_1,january_test
CA_S,battery,450.255,450.255,p2_2045_high_mid_REF_high,MGA_0.05_28,max,MGA_1,january_test
CA_S,flexible_load,10523.132,0.0,p2_2045_high_mid_REF_high,MGA_0.05_28,max,MGA_1,january_test
CA_S,hydro,1396.2,0.0,p2_2045_high_mid_REF_high,MGA_0.05_28,max,MGA_1,january_test
CA_S,hydrogen_storage,0.009000000000000001,0.009000000000000001,p2_2045_high_mid_REF_high,MGA_0.05_28,max,MGA_1,january_test
CA_S,nuclear,0.0,0.0,p2_2045_high_mid_REF_high,MGA_0.05_28,max,MGA_1,january_test
CA_S,onshore_wind,4735.617000000003,0.017000000000000005,p2_2045_high_mid_REF_high,MGA_0.05_28,max,MGA_1,january_test
CA_S,other_renewables,804.667,0.0,p2_2045_high_mid_REF_high,MGA_0.05_28,max,MGA_1,january_test
CA_S,pumped_hydro,1665.0,0.0,p2_2045_high_mid_REF_high,MGA_0.05_28,max,MGA_1,january_test
CA_S,solar,17303.677,7783.677,p2_2045_high_mid_REF_high,MGA_0.05_28,max,MGA_1,january_test
WECC_N,ZCF,3326.105,0.0,p2_2045_high_mid_REF_high,MGA_0.05_28,max,MGA_1,january_test
WECC_N,battery,9.662,9.662,p2_2045_high_mid_REF_high,MGA_0.05_28,max,MGA_1,january_test
WECC_N,flexible_load,3946.495,0.0,p2_2045_high_mid_REF_high,MGA_0.05_28,max,MGA_1,january_test
WECC_N,hydro,4647.835,0.0,p2_2045_high_mid_REF_high,MGA_0.05_28,max,MGA_1,january_test
WECC_N,hydrogen_storage,0.154,0.154,p2_2045_high_mid_REF_high,MGA_0.05_28,max,MGA_1,january_test
WECC_N,nuclear,0.013000000000000001,0.013000000000000001,p2_2045_high_mid_REF_high,MGA_0.05_28,max,MGA_1,january_test
WECC_N,onshore_wind,44750.231999999996,40856.331999999995,p2_2045_high_mid_REF_high,MGA_0.05_28,max,MGA_1,january_test
WECC_N,other_renewables,400.29400000000004,0.0,p2_2045_high_mid_REF_high,MGA_0.05_28,max,MGA_1,january_test
WECC_N,solar,7925.577000000001,6739.877000000001,p2_2045_high_mid_REF_high,MGA_0.05_28,max,MGA_1,january_test
WECC_NMAZ,NGCCS,0.027999999999999997,0.027999999999999997,p2_2045_high_mid_REF_high,MGA_0.05_28,max,MGA_1,january_test
WECC_NMAZ,ZCF,0.931,0.07300000000000001,p2_2045_high_mid_REF_high,MGA_0.05_28,max,MGA_1,january_test
WECC_NMAZ,battery,29106.148999999998,29106.148999999998,p2_2045_high_mid_REF_high,MGA_0.05_28,max,MGA_1,january_test
WECC_NMAZ,flexible_load,7852.401999999999,0.0,p2_2045_high_mid_REF_high,MGA_0.05_28,max,MGA_1,january_test
WECC_NMAZ,hydro,3960.0,0.0,p2_2045_high_mid_REF_high,MGA_0.05_28,max,MGA_1,january_test
WECC_NMAZ,hydrogen_storage,0.05,0.05,p2_2045_high_mid_REF_high,MGA_0.05_28,max,MGA_1,january_test
WECC_NMAZ,nuclear,4003.0060000000003,0.006999999999999999,p2_2045_high_mid_REF_high,MGA_0.05_28,max,MGA_1,january_test
WECC_NMAZ,onshore_wind,4310.088,3074.988,p2_2045_high_mid_REF_high,MGA_0.05_28,max,MGA_1,january_test
WECC_NMAZ,other_renewables,18.294,0.0,p2_2045_high_mid_REF_high,MGA_0.05_28,max,MGA_1,january_test
WECC_NMAZ,pumped_hydro,216.3,0.0,p2_2045_high_mid_REF_high,MGA_0.05_28,max,MGA_1,january_test
WECC_NMAZ,solar,62352.059,56085.65900000001,p2_2045_high_mid_REF_high,MGA_0.05_28,max,MGA_1,january_test
WECC_PNW,ZCF,2325.998,0.0,p2_2045_high_mid_REF_high,MGA_0.05_28,max,MGA_1,january_test
WECC_PNW,battery,7268.682,7268.682,p2_2045_high_mid_REF_high,MGA_0.05_28,max,MGA_1,january_test
WECC_PNW,flexible_load,8967.414,0.0,p2_2045_high_mid_REF_high,MGA_0.05_28,max,MGA_1,january_test
WECC_PNW,hydro,29848.5,0.0,p2_2045_high_mid_REF_high,MGA_0.05_28,max,MGA_1,january_test
WECC_PNW,hydrogen_storage,0.013999999999999999,0.013999999999999999,p2_2045_high_mid_REF_high,MGA_0.05_28,max,MGA_1,january_test
WECC_PNW,nuclear,0.011000000000000001,0.011000000000000001,p2_2045_high_mid_REF_high,MGA_0.05_28,max,MGA_1,january_test
WECC_PNW,offshore_wind,0.0,0.0,p2_2045_high_mid_REF_high,MGA_0.05_28,max,MGA_1,january_test
WECC_PNW,onshore_wind,5254.048,0.048,p2_2045_high_mid_REF_high,MGA_0.05_28,max,MGA_1,january_test
WECC_PNW,other_renewables,91.85699999999999,0.0,p2_2045_high_mid_REF_high,MGA_0.05_28,max,MGA_1,january_test
WECC_PNW,pumped_hydro,313.998,0.0,p2_2045_high_mid_REF_high,MGA_0.05_28,max,MGA_1,january_test
WECC_PNW,solar,28530.189000000002,28320.289,p2_2045_high_mid_REF_high,MGA_0.05_28,max,MGA_1,january_test
WECC_WYCO,NGCCS,9485.268,9485.268,p2_2045_high_mid_REF_high,MGA_0.05_28,max,MGA_1,january_test
WECC_WYCO,ZCF,4699.523999999999,2804.52,p2_2045_high_mid_REF_high,MGA_0.05_28,max,MGA_1,january_test
WECC_WYCO,battery,0.963,0.963,p2_2045_high_mid_REF_high,MGA_0.05_28,max,MGA_1,january_test
WECC_WYCO,flexible_load,5226.18,0.0,p2_2045_high_mid_REF_high,MGA_0.05_28,max,MGA_1,january_test
WECC_WYCO,hydro,961.87,0.0,p2_2045_high_mid_REF_high,MGA_0.05_28,max,MGA_1,january_test
WECC_WYCO,hydrogen_storage,0.055,0.055,p2_2045_high_mid_REF_high,MGA_0.05_28,max,MGA_1,january_test
WECC_WYCO,nuclear,0.006,0.006,p2_2045_high_mid_REF_high,MGA_0.05_28,max,MGA_1,january_test
WECC_WYCO,onshore_wind,27436.057,21684.357,p2_2045_high_mid_REF_high,MGA_0.05_28,max,MGA_1,january_test
WECC_WYCO,other_renewables,9.676,0.0,p2_2045_high_mid_REF_high,MGA_0.05_28,max,MGA_1,january_test
WECC_WYCO,pumped_hydro,562.5,0.0,p2_2045_high_mid_REF_high,MGA_0.05_28,max,MGA_1,january_test
WECC_WYCO,solar,593.181,0.081,p2_2045_high_mid_REF_high,MGA_0.05_28,max,MGA_1,january_test
CA_N,NGCCS,22769.139,22769.139,p2_2045_high_mid_REF_high,MGA_0.05_22,max,MGA_2,january_test
CA_N,ZCF,3652.282,0.042,p2_2045_high_mid_REF_high,MGA_0.05_22,max,MGA_2,january_test
CA_N,battery,0.10800000000000001,0.10800000000000001,p2_2045_high_mid_REF_high,MGA_0.05_22,max,MGA_2,january_test
CA_N,flexible_load,7498.595,0.0,p2_2045_high_mid_REF_high,MGA_0.05_22,max,MGA_2,january_test
CA_N,hydro,7274.007,0.0,p2_2045_high_mid_REF_high,MGA_0.05_22,max,MGA_2,january_test
CA_N,hydrogen_storage,0.003,0.003,p2_2045_high_mid_REF_high,MGA_0.05_22,max,MGA_2,january_test
CA_N,nuclear,0.0,0.0,p2_2045_high_mid_REF_high,MGA_0.05_22,max,MGA_2,january_test
CA_N,offshore_wind,0.0,0.0,p2_2045_high_mid_REF_high,MGA_0.05_22,max,MGA_2,january_test
CA_N,onshore_wind,1327.6039999999998,0.004,p2_2045_high_mid_REF_high,MGA_0.05_22,max,MGA_2,january_test
CA_N,other_renewables,942.3019999999999,0.0,p2_2045_high_mid_REF_high,MGA_0.05_22,max,MGA_2,january_test
CA_N,pumped_hydro,1791.0,0.0,p2_2045_high_mid_REF_high,MGA_0.05_22,max,MGA_2,january_test
CA_N,solar,5085.94,2298.84,p2_2045_high_mid_REF_high,MGA_0.05_22,max,MGA_2,january_test
CA_S,NGCCS,1452.401,1452.401,p2_2045_high_mid_REF_high,MGA_0.05_22,max,MGA_2,january_test
CA_S,ZCF,5482.101,0.04,p2_2045_high_mid_REF_high,MGA_0.05_22,max,MGA_2,january_test
CA_S,battery,38905.295,38905.295,p2_2045_high_mid_REF_high,MGA_0.05_22,max,MGA_2,january_test
CA_S,flexible_load,10523.132,0.0,p2_2045_high_mid_REF_high,MGA_0.05_22,max,MGA_2,january_test
CA_S,hydro,1396.2,0.0,p2_2045_high_mid_REF_high,MGA_0.05_22,max,MGA_2,january_test
CA_S,hydrogen_storage,0.01,0.01,p2_2045_high_mid_REF_high,MGA_0.05_22,max,MGA_2,january_test
CA_S,nuclear,0.0,0.0,p2_2045_high_mid_REF_high,MGA_0.05_22,max,MGA_2,january_test
CA_S,onshore_wind,4735.616000000003,0.016000000000000004,p2_2045_high_mid_REF_high,MGA_0.05_22,max,MGA_2,january_test
CA_S,other_renewables,804.667,0.0,p2_2045_high_mid_REF_high,MGA_0.05_22,max,MGA_2,january_test
CA_S,pumped_hydro,1665.0,0.0,p2_2045_high_mid_REF_high,MGA_0.05_22,max,MGA_2,january_test
CA_S,solar,89687.756,80167.756,p2_2045_high_mid_REF_high,MGA_0.05_22,max,MGA_2,january_test
WECC_N,ZCF,3326.105,0.0,p2_2045_high_mid_REF_high,MGA_0.05_22,max,MGA_2,january_test
WECC_N,battery,6287.880999999999,6287.880999999999,p2_2045_high_mid_REF_high,MGA_0.05_22,max,MGA_2,january_test
WECC_N,flexible_load,3946.495,0.0,p2_2045_high_mid_REF_high,MGA_0.05_22,max,MGA_2,january_test
WECC_N,hydro,4647.835,0.0,p2_2045_high_mid_REF_high,MGA_0.05_22,max,MGA_2,january_test
WECC_N,hydrogen_storage,0.01,0.01,p2_2045_high_mid_REF_high,MGA_0.05_22,max,MGA_2,january_test
WECC_N,nuclear,0.011000000000000001,0.011000000000000001,p2_2045_high_mid_REF_high,MGA_0.05_22,max,MGA_2,january_test
WECC_N,onshore_wind,17958.956000000002,14065.055999999999,p2_2045_high_mid_REF_high,MGA_0.05_22,max,MGA_2,january_test
WECC_N,other_renewables,400.29400000000004,0.0,p2_2045_high_mid_REF_high,MGA_0.05_22,max,MGA_2,january_test
WECC_N,solar,22728.175,21542.475,p2_2045_high_mid_REF_high,MGA_0.05_22,max,MGA_2,january_test
WECC_NMAZ,NGCCS,0.136,0.136,p2_2045_high_mid_REF_high,MGA_0.05_22,max,MGA_2,january_test
WECC_NMAZ,ZCF,4891.696000000001,1175.046,p2_2045_high_mid_REF_high,MGA_0.05_22,max,MGA_2,january_test
WECC_NMAZ,battery,3434.938,3434.938,p2_2045_high_mid_REF_high,MGA_0.05_22,max,MGA_2,january_test
WECC_NMAZ,flexible_load,7852.401999999999,0.0,p2_2045_high_mid_REF_high,MGA_0.05_22,max,MGA_2,january_test
WECC_NMAZ,hydro,3960.0,0.0,p2_2045_high_mid_REF_high,MGA_0.05_22,max,MGA_2,january_test
WECC_NMAZ,hydrogen_storage,0.032,0.032,p2_2045_high_mid_REF_high,MGA_0.05_22,max,MGA_2,january_test
WECC_NMAZ,nuclear,4003.0110000000004,0.012,p2_2045_high_mid_REF_high,MGA_0.05_22,max,MGA_2,january_test
WECC_NMAZ,onshore_wind,38243.71099999999,37008.611,p2_2045_high_mid_REF_high,MGA_0.05_22,max,MGA_2,january_test
WECC_NMAZ,other_renewables,18.294,0.0,p2_2045_high_mid_REF_high,MGA_0.05_22,max,MGA_2,january_test
WECC_NMAZ,pumped_hydro,216.3,0.0,p2_2045_high_mid_REF_high,MGA_0.05_22,max,MGA_2,january_test
WECC_NMAZ,solar,14128.768999999998,7862.3690000000015,p2_2045_high_mid_REF_high,MGA_0.05_22,max,MGA_2,january_test
WECC_PNW,ZCF,2325.998,0.0,p2_2045_high_mid_REF_high,MGA_0.05_22,max,MGA_2,january_test
WECC_PNW,battery,0.228,0.228,p2_2045_high_mid_REF_high,MGA_0.05_22,max,MGA_2,january_test
WECC_PNW,flexible_load,8967.414,0.0,p2_2045_high_mid_REF_high,MGA_0.05_22,max,MGA_2,january_test
WECC_PNW,hydro,29848.5,0.0,p2_2045_high_mid_REF_high,MGA_0.05_22,max,MGA_2,january_test
WECC_PNW,hydrogen_storage,0.006,0.006,p2_2045_high_mid_REF_high,MGA_0.05_22,max,MGA_2,january_test
WECC_PNW,nuclear,0.02,0.02,p2_2045_high_mid_REF_high,MGA_0.05_22,max,MGA_2,january_test
WECC_PNW,offshore_wind,0.0,0.0,p2_2045_high_mid_REF_high,MGA_0.05_22,max,MGA_2,january_test
WECC_PNW,onshore_wind,16932.324999999997,11678.324999999999,p2_2045_high_mid_REF_high,MGA_0.05_22,max,MGA_2,january_test
WECC_PNW,other_renewables,91.85699999999999,0.0,p2_2045_high_mid_REF_high,MGA_0.05_22,max,MGA_2,january_test
WECC_PNW,pumped_hydro,313.998,0.0,p2_2045_high_mid_REF_high,MGA_0.05_22,max,MGA_2,january_test
WECC_PNW,solar,11814.596999999998,11604.696999999998,p2_2045_high_mid_REF_high,MGA_0.05_22,max,MGA_2,january_test
WECC_WYCO,NGCCS,0.115,0.115,p2_2045_high_mid_REF_high,MGA_0.05_22,max,MGA_2,january_test
WECC_WYCO,ZCF,5101.027,3206.0230000000006,p2_2045_high_mid_REF_high,MGA_0.05_22,max,MGA_2,january_test
WECC_WYCO,battery,12750.345,12750.345,p2_2045_high_mid_REF_high,MGA_0.05_22,max,MGA_2,january_test
WECC_WYCO,flexible_load,5226.18,0.0,p2_2045_high_mid_REF_high,MGA_0.05_22,max,MGA_2,january_test
WECC_WYCO,hydro,961.87,0.0,p2_2045_high_mid_REF_high,MGA_0.05_22,max,MGA_2,january_test
WECC_WYCO,hydrogen_storage,0.026000000000000002,0.026000000000000002,p2_2045_high_mid_REF_high,MGA_0.05_22,max,MGA_2,january_test
WECC_WYCO,nuclear,0.006999999999999999,0.006999999999999999,p2_2045_high_mid_REF_high,MGA_0.05_22,max,MGA_2,january_test
WECC_WYCO,onshore_wind,33019.582,27267.881999999998,p2_2045_high_mid_REF_high,MGA_0.05_22,max,MGA_2,january_test
WECC_WYCO,other_renewables,9.676,0.0,p2_2045_high_mid_REF_high,MGA_0.05_22,max,MGA_2,january_test
WECC_WYCO,pumped_hydro,562.5,0.0,p2_2045_high_mid_REF_high,MGA_0.05_22,max,MGA_2,january_test
WECC_WYCO,solar,33834.881,33241.781,p2_2045_high_mid_REF_high,MGA_0.05_22,max,MGA_2,january_test
CA_N,NGCCS,0.081,0.081,p2_2045_high_mid_REF_high,MGA_0.05_12,max,MGA_3,january_test
CA_N,ZCF,5291.052,0.178,p2_2045_high_mid_REF_high,MGA_0.05_12,max,MGA_3,january_test
CA_N,battery,24622.713,24622.713,p2_2045_high_mid_REF_high,MGA_0.05_12,max,MGA_3,january_test
CA_N,flexible_load,7498.595,0.0,p2_2045_high_mid_REF_high,MGA_0.05_12,max,MGA_3,january_test
CA_N,hydro,7274.007,0.0,p2_2045_high_mid_REF_high,MGA_0.05_12,max,MGA_3,january_test
CA_N,hydrogen_storage,0.005,0.005,p2_2045_high_mid_REF_high,MGA_0.05_12,max,MGA_3,january_test
CA_N,nuclear,0.0,0.0,p2_2045_high_mid_REF_high,MGA_0.05_12,max,MGA_3,january_test
CA_N,offshore_wind,0.0,0.0,p2_2045_high_mid_REF_high,MGA_0.05_12,max,MGA_3,january_test
CA_N,onshore_wind,1327.6089999999997,0.009000000000000001,p2_2045_high_mid_REF_high,MGA_0.05_12,max,MGA_3,january_test
CA_N,other_renewables,942.3019999999999,0.0,p2_2045_high_mid_REF_high,MGA_0.05_12,max,MGA_3,january_test
CA_N,pumped_hydro,1791.0,0.0,p2_2045_high_mid_REF_high,MGA_0.05_12,max,MGA_3,january_test
CA_N,solar,55111.424,52324.324,p2_2045_high_mid_REF_high,MGA_0.05_12,max,MGA_3,january_test
CA_S,NGCCS,34524.664,34524.664,p2_2045_high_mid_REF_high,MGA_0.05_12,max,MGA_3,january_test
CA_S,ZCF,4584.649,0.037000000000000005,p2_2045_high_mid_REF_high,MGA_0.05_12,max,MGA_3,january_test
CA_S,battery,0.63,0.63,p2_2045_high_mid_REF_high,MGA_0.05_12,max,MGA_3,january_test
CA_S,flexible_load,10523.132,0.0,p2_2045_high_mid_REF_high,MGA_0.05_12,max,MGA_3,january_test
CA_S,hydro,1396.2,0.0,p2_2045_high_mid_REF_high,MGA_0.05_12,max,MGA_3,january_test
CA_S,hydrogen_storage,0.005,0.005,p2_2045_high_mid_REF_high,MGA_0.05_12,max,MGA_3,january_test
CA_S,nuclear,0.0,0.0,p2_2045_high_mid_REF_high,MGA_0.05_12,max,MGA_3,january_test
CA_S,onshore_wind,4735.6500000000015,0.05,p2_2045_high_mid_REF_high,MGA_0.05_12,max,MGA_3,january_test
CA_S,other_renewables,804.667,0.0,p2_2045_high_mid_REF_high,MGA_0.05_12,max,MGA_3,january_test
CA_S,pumped_hydro,1665.0,0.0,p2_2045_high_mid_REF_high,MGA_0.05_12,max,MGA_3,january_test
CA_S,solar,9520.014000000003,0.015,p2_2045_high_mid_REF_high,MGA_0.05_12,max,MGA_3,january_test
WECC_N,ZCF,3326.105,0.0,p2_2045_high_mid_REF_high,MGA_0.05_12,max,MGA_3,january_test
WECC_N,battery,7144.59,7144.59,p2_2045_high_mid_REF_high,MGA_0.05_12,max,MGA_3,january_test
WECC_N,flexible_load,3946.495,0.0,p2_2045_high_mid_REF_high,MGA_0.05_12,max,MGA_3,january_test
WECC_N,hydro,4647.835,0.0,p2_2045_high_mid_REF_high,MGA_0.05_12,max,MGA_3,january_test
WECC_N,hydrogen_storage,0.017,0.017,p2_2045_high_mid_REF_high,MGA_0.05_12,max,MGA_3,january_test
WECC_N,nuclear,0.004,0.004,p2_2045_high_mid_REF_high,MGA_0.05_12,max,MGA_3,january_test
WECC_N,onshore_wind,23761.193000000003,19867.293,p2_2045_high_mid_REF_high,MGA_0.05_12,max,MGA_3,january_test
WECC_N,other_renewables,400.29400000000004,0.0,p2_2045_high_mid_REF_high,MGA_0.05_12,max,MGA_3,january_test
WECC_N,solar,33760.116,32574.416,p2_2045_high_mid_REF_high,MGA_0.05_12,max,MGA_3,january_test
WECC_NMAZ,NGCCS,0.083,0.083,p2_2045_high_mid_REF_high,MGA_0.05_12,max,MGA_3,january_test
WECC_NMAZ,ZCF,3716.9849999999997,0.07300000000000001,p2_2045_high_mid_REF_high,MGA_0.05_12,max,MGA_3,january_test
WECC_NMAZ,battery,4822.052,4822.052,p2_2045_high_mid_REF_high,MGA_0.05_12,max,MGA_3,january_test
WECC_NMAZ,flexible_load,7852.401999999999,0.0,p2_2045_high_mid_REF_high,MGA_0.05_12,max,MGA_3,january_test
WECC_NMAZ,hydro,3960.0,0.0,p2_2045_high_mid_REF_high,MGA_0.05_12,max,MGA_3,january_test
WECC_NMAZ,hydrogen_storage,0.006999999999999999,0.006999999999999999,p2_2045_high_mid_REF_high,MGA_0.05_12,max,MGA_3,january_test
WECC_NMAZ,nuclear,4003.0090000000005,0.01,p2_2045_high_mid_REF_high,MGA_0.05_12,max,MGA_3,january_test
WECC_NMAZ,onshore_wind,25043.197,23808.096999999998,p2_2045_high_mid_REF_high,MGA_0.05_12,max,MGA_3,january_test
WECC_NMAZ,other_renewables,18.294,0.0,p2_2045_high_mid_REF_high,MGA_0.05_12,max,MGA_3,january_test
WECC_NMAZ,pumped_hydro,216.3,0.0,p2_2045_high_mid_REF_high,MGA_0.05_12,max,MGA_3,january_test
WECC_NMAZ,solar,8770.788999999997,2504.3890000000006,p2_2045_high_mid_REF_high,MGA_0.05_12,max,MGA_3,january_test
WECC_PNW,ZCF,2325.998,0.0,p2_2045_high_mid_REF_high,MGA_0.05_12,max,MGA_3,january_test
WECC_PNW,battery,5919.346,5919.346,p2_2045_high_mid_REF_high,MGA_0.05_12,max,MGA_3,january_test
WECC_PNW,flexible_load,8967.414,0.0,p2_2045_high_mid_REF_high,MGA_0.05_12,max,MGA_3,january_test
WECC_PNW,hydro,29848.5,0.0,p2_2045_high_mid_REF_high,MGA_0.05_12,max,MGA_3,january_test
WECC_PNW,hydrogen_storage,0.006,0.006,p2_2045_high_mid_REF_high,MGA_0.05_12,max,MGA_3,january_test
WECC_PNW,nuclear,0.012,0.012,p2_2045_high_mid_REF_high,MGA_0.05_12,max,MGA_3,january_test
WECC_PNW,offshore_wind,0.0,0.0,p2_2045_high_mid_REF_high,MGA_0.05_12,max,MGA_3,january_test
WECC_PNW,onshore_wind,5254.0289999999995,0.028999999999999998,p2_2045_high_mid_REF_high,MGA_0.05_12,max,MGA_3,january_test
WECC_PNW,other_renewables,91.85699999999999,0.0,p2_2045_high_mid_REF_high,MGA_0.05_12,max,MGA_3,january_test
WECC_PNW,pumped_hydro,313.998,0.0,p2_2045_high_mid_REF_high,MGA_0.05_12,max,MGA_3,january_test
WECC_PNW,solar,27865.231,27655.331000000002,p2_2045_high_mid_REF_high,MGA_0.05_12,max,MGA_3,january_test
WECC_WYCO,NGCCS,7580.605,7580.605,p2_2045_high_mid_REF_high,MGA_0.05_12,max,MGA_3,january_test
WECC_WYCO,ZCF,1895.144,0.14,p2_2045_high_mid_REF_high,MGA_0.05_12,max,MGA_3,january_test
WECC_WYCO,battery,2260.9410000000003,2260.9410000000003,p2_2045_high_mid_REF_high,MGA_0.05_12,max,MGA_3,january_test
WECC_WYCO,flexible_load,5226.18,0.0,p2_2045_high_mid_REF_high,MGA_0.05_12,max,MGA_3,january_test
WECC_WYCO,hydro,961.87,0.0,p2_2045_high_mid_REF_high,MGA_0.05_12,max,MGA_3,january_test
WECC_WYCO,hydrogen_storage,0.026000000000000002,0.026000000000000002,p2_2045_high_mid_REF_high,MGA_0.05_12,max,MGA_3,january_test
WECC_WYCO,nuclear,0.013999999999999999,0.013999999999999999,p2_2045_high_mid_REF_high,MGA_0.05_12,max,MGA_3,january_test
WECC_WYCO,onshore_wind,39734.257000000005,33982.557,p2_2045_high_mid_REF_high,MGA_0.05_12,max,MGA_3,january_test
WECC_WYCO,other_renewables,9.676,0.0,p2_2045_high_mid_REF_high,MGA_0.05_12,max,MGA_3,january_test
WECC_WYCO,pumped_hydro,562.5,0.0,p2_2045_high_mid_REF_high,MGA_0.05_12,max,MGA_3,january_test
WECC_WYCO,solar,593.126,0.026000000000000002,p2_2045_high_mid_REF_high,MGA_0.05_12,max,MGA_3,january_test
CA_N,NGCCS,10998.566,10998.566,p2_2045_high_mid_REF_high,MGA_0.05_17,max,MGA_4,january_test
CA_N,ZCF,6228.697,0.10099999999999999,p2_2045_high_mid_REF_high,MGA_0.05_17,max,MGA_4,january_test
CA_N,battery,0.46399999999999997,0.46399999999999997,p2_2045_high_mid_REF_high,MGA_0.05_17,max,MGA_4,january_test
CA_N,flexible_load,7498.595,0.0,p2_2045_high_mid_REF_high,MGA_0.05_17,max,MGA_4,january_test
CA_N,hydro,7274.007,0.0,p2_2045_high_mid_REF_high,MGA_0.05_17,max,MGA_4,january_test
CA_N,hydrogen_storage,0.003,0.003,p2_2045_high_mid_REF_high,MGA_0.05_17,max,MGA_4,january_test
CA_N,nuclear,0.0,0.0,p2_2045_high_mid_REF_high,MGA_0.05_17,max,MGA_4,january_test
CA_N,offshore_wind,0.0,0.0,p2_2045_high_mid_REF_high,MGA_0.05_17,max,MGA_4,january_test
CA_N,onshore_wind,1327.6109999999996,0.011000000000000001,p2_2045_high_mid_REF_high,MGA_0.05_17,max,MGA_4,january_test
CA_N,other_renewables,942.3019999999999,0.0,p2_2045_high_mid_REF_high,MGA_0.05_17,max,MGA_4,january_test
CA_N,pumped_hydro,1791.0,0.0,p2_2045_high_mid_REF_high,MGA_0.05_17,max,MGA_4,january_test
CA_N,solar,9523.535,6736.4349999999995,p2_2045_high_mid_REF_high,MGA_0.05_17,max,MGA_4,january_test
CA_S,NGCCS,0.031,0.031,p2_2045_high_mid_REF_high,MGA_0.05_17,max,MGA_4,january_test
CA_S,ZCF,6444.069000000001,0.06,p2_2045_high_mid_REF_high,MGA_0.05_17,max,MGA_4,january_test
CA_S,battery,37983.831,37983.831,p2_2045_high_mid_REF_high,MGA_0.05_17,max,MGA_4,january_test
CA_S,flexible_load,10523.132,0.0,p2_2045_high_mid_REF_high,MGA_0.05_17,max,MGA_4,january_test
CA_S,hydro,1396.2,0.0,p2_2045_high_mid_REF_high,MGA_0.05_17,max,MGA_4,january_test
CA_S,hydrogen_storage,0.006999999999999999,0.006999999999999999,p2_2045_high_mid_REF_high,MGA_0.05_17,max,MGA_4,january_test
CA_S,nuclear,0.0,0.0,p2_2045_high_mid_REF_high,MGA_0.05_17,max,MGA_4,january_test
CA_S,onshore_wind,12286.664000000002,7551.063999999999,p2_2045_high_mid_REF_high,MGA_0.05_17,max,MGA_4,january_test
CA_S,other_renewables,804.667,0.0,p2_2045_high_mid_REF_high,MGA_0.05_17,max,MGA_4,january_test
CA_S,pumped_hydro,1665.0,0.0,p2_2045_high_mid_REF_high,MGA_0.05_17,max,MGA_4,january_test
CA_S,solar,85034.03899999999,75514.039,p2_2045_high_mid_REF_high,MGA_0.05_17,max,MGA_4,january_test
WECC_N,ZCF,3326.105,0.0,p2_2045_high_mid_REF_high,MGA_0.05_17,max,MGA_4,january_test
WECC_N,battery,0.128,0.128,p2_2045_high_mid_REF_high,MGA_0.05_17,max,MGA_4,january_test
WECC_N,flexible_load,3946.495,0.0,p2_2045_high_mid_REF_high,MGA_0.05_17,max,MGA_4,january_test
WECC_N,hydro,4647.835,0.0,p2_2045_high_mid_REF_high,MGA_0.05_17,max,MGA_4,january_test
WECC_N,hydrogen_storage,0.006999999999999999,0.006999999999999999,p2_2045_high_mid_REF_high,MGA_0.05_17,max,MGA_4,january_test
WECC_N,nuclear,0.01,0.01,p2_2045_high_mid_REF_high,MGA_0.05_17,max,MGA_4,january_test
WECC_N,onshore_wind,24927.197,21033.297,p2_2045_high_mid_REF_high,MGA_0.05_17,max,MGA_4,january_test
WECC_N,other_renewables,400.29400000000004,0.0,p2_2045_high_mid_REF_high,MGA_0.05_17,max,MGA_4,january_test
WECC_N,solar,1784.5919999999996,598.8919999999999,p2_2045_high_mid_REF_high,MGA_0.05_17,max,MGA_4,january_test
WECC_NMAZ,NGCCS,13381.469,13381.469,p2_2045_high_mid_REF_high,MGA_0.05_17,max,MGA_4,january_test
WECC_NMAZ,ZCF,145.155,0.059,p2_2045_high_mid_REF_high,MGA_0.05_17,max,MGA_4,january_test
WECC_NMAZ,battery,1607.8020000000001,1607.8020000000001,p2_2045_high_mid_REF_high,MGA_0.05_17,max,MGA_4,january_test
WECC_NMAZ,flexible_load,7852.401999999999,0.0,p2_2045_high_mid_REF_high,MGA_0.05_17,max,MGA_4,january_test
WECC_NMAZ,hydro,3960.0,0.0,p2_2045_high_mid_REF_high,MGA_0.05_17,max,MGA_4,january_test
WECC_NMAZ,hydrogen_storage,0.008,0.008,p2_2045_high_mid_REF_high,MGA_0.05_17,max,MGA_4,january_test
WECC_NMAZ,nuclear,4003.0040000000004,0.005,p2_2045_high_mid_REF_high,MGA_0.05_17,max,MGA_4,january_test
WECC_NMAZ,onshore_wind,19726.263999999996,18491.163999999993,p2_2045_high_mid_REF_high,MGA_0.05_17,max,MGA_4,january_test
WECC_NMAZ,other_renewables,18.294,0.0,p2_2045_high_mid_REF_high,MGA_0.05_17,max,MGA_4,january_test
WECC_NMAZ,pumped_hydro,216.3,0.0,p2_2045_high_mid_REF_high,MGA_0.05_17,max,MGA_4,january_test
WECC_NMAZ,solar,15069.414,8803.014000000003,p2_2045_high_mid_REF_high,MGA_0.05_17,max,MGA_4,january_test
WECC_PNW,ZCF,2325.998,0.0,p2_2045_high_mid_REF_high,MGA_0.05_17,max,MGA_4,january_test
WECC_PNW,battery,21084.045,21084.045,p2_2045_high_mid_REF_high,MGA_0.05_17,max,MGA_4,january_test
WECC_PNW,flexible_load,8967.414,0.0,p2_2045_high_mid_REF_high,MGA_0.05_17,max,MGA_4,january_test
WECC_PNW,hydro,29848.5,0.0,p2_2045_high_mid_REF_high,MGA_0.05_17,max,MGA_4,january_test
WECC_PNW,hydrogen_storage,0.011000000000000001,0.011000000000000001,p2_2045_high_mid_REF_high,MGA_0.05_17,max,MGA_4,january_test
WECC_PNW,nuclear,0.028999999999999998,0.028999999999999998,p2_2045_high_mid_REF_high,MGA_0.05_17,max,MGA_4,january_test
WECC_PNW,offshore_wind,0.0,0.0,p2_2045_high_mid_REF_high,MGA_0.05_17,max,MGA_4,january_test
WECC_PNW,onshore_wind,5808.0999999999985,554.0999999999998,p2_2045_high_mid_REF_high,MGA_0.05_17,max,MGA_4,january_test
WECC_PNW,other_renewables,91.85699999999999,0.0,p2_2045_high_mid_REF_high,MGA_0.05_17,max,MGA_4,january_test
WECC_PNW,pumped_hydro,313.998,0.0,p2_2045_high_mid_REF_high,MGA_0.05_17,max,MGA_4,january_test
WECC_PNW,solar,69543.84400000001,69333.944,p2_2045_high_mid_REF_high,MGA_0.05_17,max,MGA_4,january_test
WECC_WYCO,NGCCS,111.889,111.889,p2_2045_high_mid_REF_high,MGA_0.05_17,max,MGA_4,january_test
WECC_WYCO,ZCF,5553.3369999999995,3658.333,p2_2045_high_mid_REF_high,MGA_0.05_17,max,MGA_4,january_test
WECC_WYCO,battery,1464.729,1464.729,p2_2045_high_mid_REF_high,MGA_0.05_17,max,MGA_4,january_test
WECC_WYCO,flexible_load,5226.18,0.0,p2_2045_high_mid_REF_high,MGA_0.05_17,max,MGA_4,january_test
WECC_WYCO,hydro,961.87,0.0,p2_2045_high_mid_REF_high,MGA_0.05_17,max,MGA_4,january_test
WECC_WYCO,hydrogen_storage,0.024,0.024,p2_2045_high_mid_REF_high,MGA_0.05_17,max,MGA_4,january_test
WECC_WYCO,nuclear,0.006999999999999999,0.006999999999999999,p2_2045_high_mid_REF_high,MGA_0.05_17,max,MGA_4,january_test
WECC_WYCO,onshore_wind,43687.621,37935.921,p2_2045_high_mid_REF_high,MGA_0.05_17,max,MGA_4,january_test
WECC_WYCO,other_renewables,9.676,0.0,p2_2045_high_mid_REF_high,MGA_0.05_17,max,MGA_4,january_test
WECC_WYCO,pumped_hydro,562.5,0.0,p2_2045_high_mid_REF_high,MGA_0.05_17,max,MGA_4,january_test
WECC_WYCO,solar,6243.099000000001,5649.999000000001,p2_2045_high_mid_REF_high,MGA_0.05_17,max,MGA_4,january_test
CA_N,NGCCS,23235.452,23235.452,p2_2045_high_mid_REF_high,MGA_0.05_7,max,MGA_5,january_test
CA_N,ZCF,2392.6629999999996,0.034,p2_2045_high_mid_REF_high,MGA_0.05_7,max,MGA_5,january_test
CA_N,battery,0.92,0.92,p2_2045_high_mid_REF_high,MGA_0.05_7,max,MGA_5,january_test
CA_N,flexible_load,7498.595,0.0,p2_2045_high_mid_REF_high,MGA_0.05_7,max,MGA_5,january_test
CA_N,hydro,7274.007,0.0,p2_2045_high_mid_REF_high,MGA_0.05_7,max,MGA_5,january_test
CA_N,hydrogen_storage,0.003,0.003,p2_2045_high_mid_REF_high,MGA_0.05_7,max,MGA_5,january_test
CA_N,nuclear,0.0,0.0,p2_2045_high_mid_REF_high,MGA_0.05_7,max,MGA_5,january_test
CA_N,offshore_wind,0.0,0.0,p2_2045_high_mid_REF_high,MGA_0.05_7,max,MGA_5,january_test
CA_N,onshore_wind,1327.6049999999998,0.005,p2_2045_high_mid_REF_high,MGA_0.05_7,max,MGA_5,january_test
CA_N,other_renewables,942.3019999999999,0.0,p2_2045_high_mid_REF_high,MGA_0.05_7,max,MGA_5,january_test
CA_N,pumped_hydro,1791.0,0.0,p2_2045_high_mid_REF_high,MGA_0.05_7,max,MGA_5,january_test
CA_N,solar,5053.461,2266.361,p2_2045_high_mid_REF_high,MGA_0.05_7,max,MGA_5,january_test
CA_S,NGCCS,0.084,0.084,p2_2045_high_mid_REF_high,MGA_0.05_7,max,MGA_5,january_test
CA_S,ZCF,9041.955,2664.359,p2_2045_high_mid_REF_high,MGA_0.05_7,max,MGA_5,january_test
CA_S,battery,15921.278,15921.278,p2_2045_high_mid_REF_high,MGA_0.05_7,max,MGA_5,january_test
CA_S,flexible_load,10523.132,0.0,p2_2045_high_mid_REF_high,MGA_0.05_7,max,MGA_5,january_test
CA_S,hydro,1396.2,0.0,p2_2045_high_mid_REF_high,MGA_0.05_7,max,MGA_5,january_test
CA_S,hydrogen_storage,0.004,0.004,p2_2045_high_mid_REF_high,MGA_0.05_7,max,MGA_5,january_test
CA_S,nuclear,0.0,0.0,p2_2045_high_mid_REF_high,MGA_0.05_7,max,MGA_5,january_test
CA_S,onshore_wind,11343.884,6608.2840000000015,p2_2045_high_mid_REF_high,MGA_0.05_7,max,MGA_5,january_test
CA_S,other_renewables,804.667,0.0,p2_2045_high_mid_REF_high,MGA_0.05_7,max,MGA_5,january_test
CA_S,pumped_hydro,1665.0,0.0,p2_2045_high_mid_REF_high,MGA_0.05_7,max,MGA_5,january_test
CA_S,solar,38453.365,28933.364999999998,p2_2045_high_mid_REF_high,MGA_0.05_7,max,MGA_5,january_test
WECC_N,ZCF,3326.105,0.0,p2_2045_high_mid_REF_high,MGA_0.05_7,max,MGA_5,january_test
WECC_N,battery,0.124,0.124,p2_2045_high_mid_REF_high,MGA_0.05_7,max,MGA_5,january_test
WECC_N,flexible_load,3946.495,0.0,p2_2045_high_mid_REF_high,MGA_0.05_7,max,MGA_5,january_test
WECC_N,hydro,4647.835,0.0,p2_2045_high_mid_REF_high,MGA_0.05_7,max,MGA_5,january_test
WECC_N,hydrogen_storage,0.006999999999999999,0.006999999999999999,p2_2045_high_mid_REF_high,MGA_0.05_7,max,MGA_5,january_test
WECC_N,nuclear,0.006999999999999999,0.006999999999999999,p2_2045_high_mid_REF_high,MGA_0.05_7,max,MGA_5,january_test
WECC_N,onshore_wind,36623.166,32729.265999999996,p2_2045_high_mid_REF_high,MGA_0.05_7,max,MGA_5,january_test
WECC_N,other_renewables,400.29400000000004,0.0,p2_2045_high_mid_REF_high,MGA_0.05_7,max,MGA_5,january_test
WECC_N,solar,1185.7570000000005,0.056999999999999995,p2_2045_high_mid_REF_high,MGA_0.05_7,max,MGA_5,january_test
WECC_NMAZ,NGCCS,5.649,5.649,p2_2045_high_mid_REF_high,MGA_0.05_7,max,MGA_5,january_test
WECC_NMAZ,ZCF,3716.67,0.063,p2_2045_high_mid_REF_high,MGA_0.05_7,max,MGA_5,january_test
WECC_NMAZ,battery,21568.013,21568.013,p2_2045_high_mid_REF_high,MGA_0.05_7,max,MGA_5,january_test
WECC_NMAZ,flexible_load,7852.401999999999,0.0,p2_2045_high_mid_REF_high,MGA_0.05_7,max,MGA_5,january_test
WECC_NMAZ,hydro,3960.0,0.0,p2_2045_high_mid_REF_high,MGA_0.05_7,max,MGA_5,january_test
WECC_NMAZ,hydrogen_storage,0.012,0.012,p2_2045_high_mid_REF_high,MGA_0.05_7,max,MGA_5,january_test
WECC_NMAZ,nuclear,4003.005,0.006,p2_2045_high_mid_REF_high,MGA_0.05_7,max,MGA_5,january_test
WECC_NMAZ,onshore_wind,24328.846000000005,23093.746000000003,p2_2045_high_mid_REF_high,MGA_0.05_7,max,MGA_5,january_test
WECC_NMAZ,other_renewables,18.294,0.0,p2_2045_high_mid_REF_high,MGA_0.05_7,max,MGA_5,january_test
WECC_NMAZ,pumped_hydro,216.3,0.0,p2_2045_high_mid_REF_high,MGA_0.05_7,max,MGA_5,january_test
WECC_NMAZ,solar,52085.12699999999,45818.727,p2_2045_high_mid_REF_high,MGA_0.05_7,max,MGA_5,january_test
WECC_PNW,ZCF,2325.998,0.0,p2_2045_high_mid_REF_high,MGA_0.05_7,max,MGA_5,january_test
WECC_PNW,battery,8600.912,8600.912,p2_2045_high_mid_REF_high,MGA_0.05_7,max,MGA_5,january_test
WECC_PNW,flexible_load,8967.414,0.0,p2_2045_high_mid_REF_high,MGA_0.05_7,max,MGA_5,january_test
WECC_PNW,hydro,29848.5,0.0,p2_2045_high_mid_REF_high,MGA_0.05_7,max,MGA_5,january_test
WECC_PNW,hydrogen_storage,0.006,0.006,p2_2045_high_mid_REF_high,MGA_0.05_7,max,MGA_5,january_test
WECC_PNW,nuclear,0.006,0.006,p2_2045_high_mid_REF_high,MGA_0.05_7,max,MGA_5,january_test
WECC_PNW,offshore_wind,0.0,0.0,p2_2045_high_mid_REF_high,MGA_0.05_7,max,MGA_5,january_test
WECC_PNW,onshore_wind,14963.410999999998,9709.410999999998,p2_2045_high_mid_REF_high,MGA_0.05_7,max,MGA_5,january_test
WECC_PNW,other_renewables,91.85699999999999,0.0,p2_2045_high_mid_REF_high,MGA_0.05_7,max,MGA_5,january_test
WECC_PNW,pumped_hydro,313.998,0.0,p2_2045_high_mid_REF_high,MGA_0.05_7,max,MGA_5,january_test
WECC_PNW,solar,40103.56100000001,39893.66100000001,p2_2045_high_mid_REF_high,MGA_0.05_7,max,MGA_5,january_test
WECC_WYCO,NGCCS,5310.71,5310.71,p2_2045_high_mid_REF_high,MGA_0.05_7,max,MGA_5,january_test
WECC_WYCO,ZCF,1895.09,0.086,p2_2045_high_mid_REF_high,MGA_0.05_7,max,MGA_5,january_test
WECC_WYCO,battery,13575.638,13575.638,p2_2045_high_mid_REF_high,MGA_0.05_7,max,MGA_5,january_test
WECC_WYCO,flexible_load,5226.18,0.0,p2_2045_high_mid_REF_high,MGA_0.05_7,max,MGA_5,january_test
WECC_WYCO,hydro,961.87,0.0,p2_2045_high_mid_REF_high,MGA_0.05_7,max,MGA_5,january_test
WECC_WYCO,hydrogen_storage,0.013999999999999999,0.013999999999999999,p2_2045_high_mid_REF_high,MGA_0.05_7,max,MGA_5,january_test
WECC_WYCO,nuclear,0.011000000000000001,0.011000000000000001,p2_2045_high_mid_REF_high,MGA_0.05_7,max,MGA_5,january_test
WECC_WYCO,onshore_wind,16040.423999999999,10288.724,p2_2045_high_mid_REF_high,MGA_0.05_7,max,MGA_5,january_test
WECC_WYCO,other_renewables,9.676,0.0,p2_2045_high_mid_REF_high,MGA_0.05_7,max,MGA_5,january_test
WECC_WYCO,pumped_hydro,562.5,0.0,p2_2045_high_mid_REF_high,MGA_0.05_7,max,MGA_5,january_test
WECC_WYCO,solar,37506.694,36913.594000000005,p2_2045_high_mid_REF_high,MGA_0.05_7,max,MGA_5,january_test
CA_N,NGCCS,5162.994000000001,5162.994000000001,p7_2045_high_low_REF_high,Base,max,Base,january_test
CA_N,ZCF,4637.084999999999,0.061,p7_2045_high_low_REF_high,Base,max,Base,january_test
CA_N,battery,21788.39,21788.39,p7_2045_high_low_REF_high,Base,max,Base,january_test
CA_N,flexible_load,7498.595,0.0,p7_2045_high_low_REF_high,Base,max,Base,january_test
CA_N,hydro,7274.007,0.0,p7_2045_high_low_REF_high,Base,max,Base,january_test
CA_N,hydrogen_storage,0.003,0.003,p7_2045_high_low_REF_high,Base,max,Base,january_test
CA_N,nuclear,0.0,0.0,p7_2045_high_low_REF_high,Base,max,Base,january_test
CA_N,offshore_wind,0.001,0.001,p7_2045_high_low_REF_high,Base,max,Base,january_test
CA_N,onshore_wind,1327.6159999999998,0.016,p7_2045_high_low_REF_high,Base,max,Base,january_test
CA_N,other_renewables,942.3019999999999,0.0,p7_2045_high_low_REF_high,Base,max,Base,january_test
CA_N,pumped_hydro,1791.0,0.0,p7_2045_high_low_REF_high,Base,max,Base,january_test
CA_N,solar,44551.647,41764.547000000006,p7_2045_high_low_REF_high,Base,max,Base,january_test
CA_S,NGCCS,5343.1230000000005,5343.1230000000005,p7_2045_high_low_REF_high,Base,max,Base,january_test
CA_S,ZCF,6996.452000000001,0.063,p7_2045_high_low_REF_high,Base,max,Base,january_test
CA_S,battery,24920.956000000002,24920.956000000002,p7_2045_high_low_REF_high,Base,max,Base,january_test
CA_S,flexible_load,10523.132,0.0,p7_2045_high_low_REF_high,Base,max,Base,january_test
CA_S,hydro,1396.2,0.0,p7_2045_high_low_REF_high,Base,max,Base,january_test
CA_S,hydrogen_storage,0.003,0.003,p7_2045_high_low_REF_high,Base,max,Base,january_test
CA_S,nuclear,0.0,0.0,p7_2045_high_low_REF_high,Base,max,Base,january_test
CA_S,onshore_wind,11343.953,6608.353000000001,p7_2045_high_low_REF_high,Base,max,Base,january_test
CA_S,other_renewables,804.667,0.0,p7_2045_high_low_REF_high,Base,max,Base,january_test
CA_S,pumped_hydro,1665.0,0.0,p7_2045_high_low_REF_high,Base,max,Base,january_test
CA_S,solar,51402.106999999996,41882.106999999996,p7_2045_high_low_REF_high,Base,max,Base,january_test
WECC_N,ZCF,3326.105,0.0,p7_2045_high_low_REF_high,Base,max,Base,january_test
WECC_N,battery,4597.217000000001,4597.217000000001,p7_2045_high_low_REF_high,Base,max,Base,january_test
WECC_N,flexible_load,3946.495,0.0,p7_2045_high_low_REF_high,Base,max,Base,january_test
WECC_N,hydro,4647.835,0.0,p7_2045_high_low_REF_high,Base,max,Base,january_test
WECC_N,hydrogen_storage,0.006,0.006,p7_2045_high_low_REF_high,Base,max,Base,january_test
WECC_N,nuclear,0.006,0.006,p7_2045_high_low_REF_high,Base,max,Base,january_test
WECC_N,onshore_wind,26916.66,23022.76,p7_2045_high_low_REF_high,Base,max,Base,january_test
WECC_N,other_renewables,400.29400000000004,0.0,p7_2045_high_low_REF_high,Base,max,Base,january_test
WECC_N,solar,19091.301999999996,17905.602,p7_2045_high_low_REF_high,Base,max,Base,january_test
WECC_NMAZ,NGCCS,0.076,0.076,p7_2045_high_low_REF_high,Base,max,Base,january_test
WECC_NMAZ,ZCF,3716.589,0.077,p7_2045_high_low_REF_high,Base,max,Base,january_test
WECC_NMAZ,battery,7198.778,7198.778,p7_2045_high_low_REF_high,Base,max,Base,january_test
WECC_NMAZ,flexible_load,7852.401999999999,0.0,p7_2045_high_low_REF_high,Base,max,Base,january_test
WECC_NMAZ,hydro,3960.0,0.0,p7_2045_high_low_REF_high,Base,max,Base,january_test
WECC_NMAZ,hydrogen_storage,0.005,0.005,p7_2045_high_low_REF_high,Base,max,Base,january_test
WECC_NMAZ,nuclear,4003.0060000000003,0.006999999999999999,p7_2045_high_low_REF_high,Base,max,Base,january_test
WECC_NMAZ,onshore_wind,39681.94499999999,38446.844999999994,p7_2045_high_low_REF_high,Base,max,Base,january_test
WECC_NMAZ,other_renewables,18.294,0.0,p7_2045_high_low_REF_high,Base,max,Base,january_test
WECC_NMAZ,pumped_hydro,216.3,0.0,p7_2045_high_low_REF_high,Base,max,Base,january_test
WECC_NMAZ,solar,21468.315000000002,15201.914999999999,p7_2045_high_low_REF_high,Base,max,Base,january_test
WECC_PNW,ZCF,2325.998,0.0,p7_2045_high_low_REF_high,Base,max,Base,january_test
WECC_PNW,battery,11632.364,11632.364,p7_2045_high_low_REF_high,Base,max,Base,january_test
WECC_PNW,flexible_load,8967.414,0.0,p7_2045_high_low_REF_high,Base,max,Base,january_test
WECC_PNW,hydro,29848.5,0.0,p7_2045_high_low_REF_high,Base,max,Base,january_test
WECC_PNW,hydrogen_storage,0.004,0.004,p7_2045_high_low_REF_high,Base,max,Base,january_test
WECC_PNW,nuclear,0.009000000000000001,0.009000000000000001,p7_2045_high_low_REF_high,Base,max,Base,january_test
WECC_PNW,offshore_wind,0.003,0.003,p7_2045_high_low_REF_high,Base,max,Base,january_test
WECC_PNW,onshore_wind,14757.43,9503.43,p7_2045_high_low_REF_high,Base,max,Base,january_test
WECC_PNW,other_renewables,91.85699999999999,0.0,p7_2045_high_low_REF_high,Base,max,Base,january_test
WECC_PNW,pumped_hydro,313.998,0.0,p7_2045_high_low_REF_high,Base,max,Base,january_test
WECC_PNW,solar,36153.167,35943.267,p7_2045_high_low_REF_high,Base,max,Base,january_test
WECC_WYCO,NGCCS,0.12,0.12,p7_2045_high_low_REF_high,Base,max,Base,january_test
WECC_WYCO,ZCF,2566.893,671.8890000000001,p7_2045_high_low_REF_high,Base,max,Base,january_test
WECC_WYCO,battery,1575.7979999999998,1575.7979999999998,p7_2045_high_low_REF_high,Base,max,Base,january_test
WECC_WYCO,flexible_load,5226.18,0.0,p7_2045_high_low_REF_high,Base,max,Base,january_test
WECC_WYCO,hydro,961.87,0.0,p7_2045_high_low_REF_high,Base,max,Base,january_test
WECC_WYCO,hydrogen_storage,0.008,0.008,p7_2045_high_low_REF_high,Base,max,Base,january_test
WECC_WYCO,nuclear,0.006,0.006,p7_2045_high_low_REF_high,Base,max,Base,january_test
WECC_WYCO,onshore_wind,37715.41599999999,31963.715999999997,p7_2045_high_low_REF_high,Base,max,Base,january_test
WECC_WYCO,other_renewables,9.676,0.0,p7_2045_high_low_REF_high,Base,max,Base,january_test
WECC_WYCO,pumped_hydro,562.5,0.0,p7_2045_high_low_REF_high,Base,max,Base,january_test
WECC_WYCO,solar,7900.561000000001,7307.461,p7_2045_high_low_REF_high,Base,max,Base,january_test
CA_N,NGCCS,2452.097,2452.097,p7_2045_high_low_REF_high,MGA_0.05_26,max,MGA_1,january_test
CA_N,ZCF,6228.755,0.159,p7_2045_high_low_REF_high,MGA_0.05_26,max,MGA_1,january_test
CA_N,battery,20891.106,20891.106,p7_2045_high_low_REF_high,MGA_0.05_26,max,MGA_1,january_test
CA_N,flexible_load,7498.595,0.0,p7_2045_high_low_REF_high,MGA_0.05_26,max,MGA_1,january_test
CA_N,hydro,7274.007,0.0,p7_2045_high_low_REF_high,MGA_0.05_26,max,MGA_1,january_test
CA_N,hydrogen_storage,0.006,0.006,p7_2045_high_low_REF_high,MGA_0.05_26,max,MGA_1,january_test
CA_N,nuclear,0.0,0.0,p7_2045_high_low_REF_high,MGA_0.05_26,max,MGA_1,january_test
CA_N,offshore_wind,0.0,0.0,p7_2045_high_low_REF_high,MGA_0.05_26,max,MGA_1,january_test
CA_N,onshore_wind,1327.6079999999997,0.008,p7_2045_high_low_REF_high,MGA_0.05_26,max,MGA_1,january_test
CA_N,other_renewables,942.3019999999999,0.0,p7_2045_high_low_REF_high,MGA_0.05_26,max,MGA_1,january_test
CA_N,pumped_hydro,1791.0,0.0,p7_2045_high_low_REF_high,MGA_0.05_26,max,MGA_1,january_test
CA_N,solar,42567.347,39780.247,p7_2045_high_low_REF_high,MGA_0.05_26,max,MGA_1,january_test
CA_S,NGCCS,0.465,0.465,p7_2045_high_low_REF_high,MGA_0.05_26,max,MGA_1,january_test
CA_S,ZCF,6201.393000000001,0.057,p7_2045_high_low_REF_high,MGA_0.05_26,max,MGA_1,january_test
CA_S,battery,11252.194,11252.194,p7_2045_high_low_REF_high,MGA_0.05_26,max,MGA_1,january_test
CA_S,flexible_load,10523.132,0.0,p7_2045_high_low_REF_high,MGA_0.05_26,max,MGA_1,january_test
CA_S,hydro,1396.2,0.0,p7_2045_high_low_REF_high,MGA_0.05_26,max,MGA_1,january_test
CA_S,hydrogen_storage,0.008,0.008,p7_2045_high_low_REF_high,MGA_0.05_26,max,MGA_1,january_test
CA_S,nuclear,0.0,0.0,p7_2045_high_low_REF_high,MGA_0.05_26,max,MGA_1,january_test
CA_S,onshore_wind,11681.645,6946.045000000001,p7_2045_high_low_REF_high,MGA_0.05_26,max,MGA_1,january_test
CA_S,other_renewables,804.667,0.0,p7_2045_high_low_REF_high,MGA_0.05_26,max,MGA_1,january_test
CA_S,pumped_hydro,1665.0,0.0,p7_2045_high_low_REF_high,MGA_0.05_26,max,MGA_1,january_test
CA_S,solar,23530.126,14010.126,p7_2045_high_low_REF_high,MGA_0.05_26,max,MGA_1,january_test
WECC_N,ZCF,3326.105,0.0,p7_2045_high_low_REF_high,MGA_0.05_26,max,MGA_1,january_test
WECC_N,battery,1144.917,1144.917,p7_2045_high_low_REF_high,MGA_0.05_26,max,MGA_1,january_test
WECC_N,flexible_load,3946.495,0.0,p7_2045_high_low_REF_high,MGA_0.05_26,max,MGA_1,january_test
WECC_N,hydro,4647.835,0.0,p7_2045_high_low_REF_high,MGA_0.05_26,max,MGA_1,january_test
WECC_N,hydrogen_storage,0.026000000000000002,0.026000000000000002,p7_2045_high_low_REF_high,MGA_0.05_26,max,MGA_1,january_test
WECC_N,nuclear,0.012,0.012,p7_2045_high_low_REF_high,MGA_0.05_26,max,MGA_1,january_test
WECC_N,onshore_wind,26654.049,22760.148999999998,p7_2045_high_low_REF_high,MGA_0.05_26,max,MGA_1,january_test
WECC_N,other_renewables,400.29400000000004,0.0,p7_2045_high_low_REF_high,MGA_0.05_26,max,MGA_1,january_test
WECC_N,solar,7532.219999999998,6346.519999999999,p7_2045_high_low_REF_high,MGA_0.05_26,max,MGA_1,january_test
WECC_NMAZ,NGCCS,5918.786999999999,5918.786999999999,p7_2045_high_low_REF_high,MGA_0.05_26,max,MGA_1,january_test
WECC_NMAZ,ZCF,0.786,0.061,p7_2045_high_low_REF_high,MGA_0.05_26,max,MGA_1,january_test
WECC_NMAZ,battery,46321.57,46321.57,p7_2045_high_low_REF_high,MGA_0.05_26,max,MGA_1,january_test
WECC_NMAZ,flexible_load,7852.401999999999,0.0,p7_2045_high_low_REF_high,MGA_0.05_26,max,MGA_1,january_test
WECC_NMAZ,hydro,3960.0,0.0,p7_2045_high_low_REF_high,MGA_0.05_26,max,MGA_1,january_test
WECC_NMAZ,hydrogen_storage,0.035,0.035,p7_2045_high_low_REF_high,MGA_0.05_26,max,MGA_1,january_test
WECC_NMAZ,nuclear,4003.005,0.006,p7_2045_high_low_REF_high,MGA_0.05_26,max,MGA_1,january_test
WECC_NMAZ,onshore_wind,20486.757000000005,19251.657000000007,p7_2045_high_low_REF_high,MGA_0.05_26,max,MGA_1,january_test
WECC_NMAZ,other_renewables,18.294,0.0,p7_2045_high_low_REF_high,MGA_0.05_26,max,MGA_1,january_test
WECC_NMAZ,pumped_hydro,216.3,0.0,p7_2045_high_low_REF_high,MGA_0.05_26,max,MGA_1,january_test
WECC_NMAZ,solar,86221.408,79955.008,p7_2045_high_low_REF_high,MGA_0.05_26,max,MGA_1,january_test
WECC_PNW,ZCF,2325.998,0.0,p7_2045_high_low_REF_high,MGA_0.05_26,max,MGA_1,january_test
WECC_PNW,battery,24399.988999999998,24399.988999999998,p7_2045_high_low_REF_high,MGA_0.05_26,max,MGA_1,january_test
WECC_PNW,flexible_load,8967.414,0.0,p7_2045_high_low_REF_high,MGA_0.05_26,max,MGA_1,january_test
WECC_PNW,hydro,29848.5,0.0,p7_2045_high_low_REF_high,MGA_0.05_26,max,MGA_1,january_test
WECC_PNW,hydrogen_storage,0.012,0.012,p7_2045_high_low_REF_high,MGA_0.05_26,max,MGA_1,january_test
WECC_PNW,nuclear,0.009000000000000001,0.009000000000000001,p7_2045_high_low_REF_high,MGA_0.05_26,max,MGA_1,january_test
WECC_PNW,offshore_wind,0.0,0.0,p7_2045_high_low_REF_high,MGA_0.05_26,max,MGA_1,january_test
WECC_PNW,onshore_wind,5788.519,534.519,p7_2045_high_low_REF_high,MGA_0.05_26,max,MGA_1,january_test
WECC_PNW,other_renewables,91.85699999999999,0.0,p7_2045_high_low_REF_high,MGA_0.05_26,max,MGA_1,january_test
WECC_PNW,pumped_hydro,313.998,0.0,p7_2045_high_low_REF_high,MGA_0.05_26,max,MGA_1,january_test
WECC_PNW,solar,70095.451,69885.551,p7_2045_high_low_REF_high,MGA_0.05_26,max,MGA_1,january_test
WECC_WYCO,NGCCS,1043.95,1043.95,p7_2045_high_low_REF_high,MGA_0.05_26,max,MGA_1,january_test
WECC_WYCO,ZCF,1895.087,0.083,p7_2045_high_low_REF_high,MGA_0.05_26,max,MGA_1,january_test
WECC_WYCO,battery,1959.1070000000002,1959.1070000000002,p7_2045_high_low_REF_high,MGA_0.05_26,max,MGA_1,january_test
WECC_WYCO,flexible_load,5226.18,0.0,p7_2045_high_low_REF_high,MGA_0.05_26,max,MGA_1,january_test
WECC_WYCO,hydro,961.87,0.0,p7_2045_high_low_REF_high,MGA_0.05_26,max,MGA_1,january_test
WECC_WYCO,hydrogen_storage,0.043,0.043,p7_2045_high_low_REF_high,MGA_0.05_26,max,MGA_1,january_test
WECC_WYCO,nuclear,0.006,0.006,p7_2045_high_low_REF_high,MGA_0.05_26,max,MGA_1,january_test
WECC_WYCO,onshore_wind,37100.359,31348.659,p7_2045_high_low_REF_high,MGA_0.05_26,max,MGA_1,january_test
WECC_WYCO,other_renewables,9.676,0.0,p7_2045_high_low_REF_high,MGA_0.05_26,max,MGA_1,january_test
WECC_WYCO,pumped_hydro,562.5,0.0,p7_2045_high_low_REF_high,MGA_0.05_26,max,MGA_1,january_test
WECC_WYCO,solar,7188.405000000002,6595.305000000001,p7_2045_high_low_REF_high,MGA_0.05_26,max,MGA_1,january_test
CA_N,NGCCS,10541.35,10541.35,p7_2045_high_low_REF_high,MGA_0.05_22,max,MGA_2,january_test
CA_N,ZCF,4313.132,0.049,p7_2045_high_low_REF_high,MGA_0.05_22,max,MGA_2,january_test
CA_N,battery,6799.1269999999995,6799.1269999999995,p7_2045_high_low_REF_high,MGA_0.05_22,max,MGA_2,january_test
CA_N,flexible_load,7498.595,0.0,p7_2045_high_low_REF_high,MGA_0.05_22,max,MGA_2,january_test
CA_N,hydro,7274.007,0.0,p7_2045_high_low_REF_high,MGA_0.05_22,max,MGA_2,january_test
CA_N,hydrogen_storage,0.003,0.003,p7_2045_high_low_REF_high,MGA_0.05_22,max,MGA_2,january_test
CA_N,nuclear,0.0,0.0,p7_2045_high_low_REF_high,MGA_0.05_22,max,MGA_2,january_test
CA_N,offshore_wind,0.0,0.0,p7_2045_high_low_REF_high,MGA_0.05_22,max,MGA_2,january_test
CA_N,onshore_wind,1327.6089999999997,0.009000000000000001,p7_2045_high_low_REF_high,MGA_0.05_22,max,MGA_2,january_test
CA_N,other_renewables,942.3019999999999,0.0,p7_2045_high_low_REF_high,MGA_0.05_22,max,MGA_2,january_test
CA_N,pumped_hydro,1791.0,0.0,p7_2045_high_low_REF_high,MGA_0.05_22,max,MGA_2,january_test
CA_N,solar,15638.65,12851.55,p7_2045_high_low_REF_high,MGA_0.05_22,max,MGA_2,january_test
CA_S,NGCCS,0.031,0.031,p7_2045_high_low_REF_high,MGA_0.05_22,max,MGA_2,january_test
CA_S,ZCF,5649.251,0.033,p7_2045_high_low_REF_high,MGA_0.05_22,max,MGA_2,january_test
CA_S,battery,52845.539000000004,52845.539000000004,p7_2045_high_low_REF_high,MGA_0.05_22,max,MGA_2,january_test
CA_S,flexible_load,10523.132,0.0,p7_2045_high_low_REF_high,MGA_0.05_22,max,MGA_2,january_test
CA_S,hydro,1396.2,0.0,p7_2045_high_low_REF_high,MGA_0.05_22,max,MGA_2,january_test
CA_S,hydrogen_storage,0.006,0.006,p7_2045_high_low_REF_high,MGA_0.05_22,max,MGA_2,january_test
CA_S,nuclear,0.0,0.0,p7_2045_high_low_REF_high,MGA_0.05_22,max,MGA_2,january_test
CA_S,onshore_wind,4735.625000000001,0.025,p7_2045_high_low_REF_high,MGA_0.05_22,max,MGA_2,january_test
CA_S,other_renewables,804.667,0.0,p7_2045_high_low_REF_high,MGA_0.05_22,max,MGA_2,january_test
CA_S,pumped_hydro,1665.0,0.0,p7_2045_high_low_REF_high,MGA_0.05_22,max,MGA_2,january_test
CA_S,solar,104106.307,94586.307,p7_2045_high_low_REF_high,MGA_0.05_22,max,MGA_2,january_test
WECC_N,ZCF,3326.105,0.0,p7_2045_high_low_REF_high,MGA_0.05_22,max,MGA_2,january_test
WECC_N,battery,7977.149,7977.149,p7_2045_high_low_REF_high,MGA_0.05_22,max,MGA_2,january_test
WECC_N,flexible_load,3946.495,0.0,p7_2045_high_low_REF_high,MGA_0.05_22,max,MGA_2,january_test
WECC_N,hydro,4647.835,0.0,p7_2045_high_low_REF_high,MGA_0.05_22,max,MGA_2,january_test
WECC_N,hydrogen_storage,0.006999999999999999,0.006999999999999999,p7_2045_high_low_REF_high,MGA_0.05_22,max,MGA_2,january_test
WECC_N,nuclear,0.005,0.005,p7_2045_high_low_REF_high,MGA_0.05_22,max,MGA_2,january_test
WECC_N,onshore_wind,20006.763000000003,16112.862999999998,p7_2045_high_low_REF_high,MGA_0.05_22,max,MGA_2,january_test
WECC_N,other_renewables,400.29400000000004,0.0,p7_2045_high_low_REF_high,MGA_0.05_22,max,MGA_2,january_test
WECC_N,solar,23712.412,22526.712000000003,p7_2045_high_low_REF_high,MGA_0.05_22,max,MGA_2,january_test
WECC_NMAZ,NGCCS,0.023,0.023,p7_2045_high_low_REF_high,MGA_0.05_22,max,MGA_2,january_test
WECC_NMAZ,ZCF,3716.5539999999996,0.084,p7_2045_high_low_REF_high,MGA_0.05_22,max,MGA_2,january_test
WECC_NMAZ,battery,8332.463,8332.463,p7_2045_high_low_REF_high,MGA_0.05_22,max,MGA_2,january_test
WECC_NMAZ,flexible_load,7852.401999999999,0.0,p7_2045_high_low_REF_high,MGA_0.05_22,max,MGA_2,january_test
WECC_NMAZ,hydro,3960.0,0.0,p7_2045_high_low_REF_high,MGA_0.05_22,max,MGA_2,january_test
WECC_NMAZ,hydrogen_storage,0.013999999999999999,0.013999999999999999,p7_2045_high_low_REF_high,MGA_0.05_22,max,MGA_2,january_test
WECC_NMAZ,nuclear,4003.005,0.006,p7_2045_high_low_REF_high,MGA_0.05_22,max,MGA_2,january_test
WECC_NMAZ,onshore_wind,37289.87100000001,36054.77100000001,p7_2045_high_low_REF_high,MGA_0.05_22,max,MGA_2,january_test
WECC_NMAZ,other_renewables,18.294,0.0,p7_2045_high_low_REF_high,MGA_0.05_22,max,MGA_2,january_test
WECC_NMAZ,pumped_hydro,216.3,0.0,p7_2045_high_low_REF_high,MGA_0.05_22,max,MGA_2,january_test
WECC_NMAZ,solar,23165.960999999996,16899.560999999998,p7_2045_high_low_REF_high,MGA_0.05_22,max,MGA_2,january_test
WECC_PNW,ZCF,2325.998,0.0,p7_2045_high_low_REF_high,MGA_0.05_22,max,MGA_2,january_test
WECC_PNW,battery,5586.840999999999,5586.840999999999,p7_2045_high_low_REF_high,MGA_0.05_22,max,MGA_2,january_test
WECC_PNW,flexible_load,8967.414,0.0,p7_2045_high_low_REF_high,MGA_0.05_22,max,MGA_2,january_test
WECC_PNW,hydro,29848.5,0.0,p7_2045_high_low_REF_high,MGA_0.05_22,max,MGA_2,january_test
WECC_PNW,hydrogen_storage,0.005,0.005,p7_2045_high_low_REF_high,MGA_0.05_22,max,MGA_2,january_test
WECC_PNW,nuclear,0.009000000000000001,0.009000000000000001,p7_2045_high_low_REF_high,MGA_0.05_22,max,MGA_2,january_test
WECC_PNW,offshore_wind,0.0,0.0,p7_2045_high_low_REF_high,MGA_0.05_22,max,MGA_2,january_test
WECC_PNW,onshore_wind,20659.954999999998,15405.954999999998,p7_2045_high_low_REF_high,MGA_0.05_22,max,MGA_2,january_test
WECC_PNW,other_renewables,91.85699999999999,0.0,p7_2045_high_low_REF_high,MGA_0.05_22,max,MGA_2,january_test
WECC_PNW,pumped_hydro,313.998,0.0,p7_2045_high_low_REF_high,MGA_0.05_22,max,MGA_2,january_test
WECC_PNW,solar,17722.77,17512.870000000003,p7_2045_high_low_REF_high,MGA_0.05_22,max,MGA_2,january_test
WECC_WYCO,NGCCS,0.019,0.019,p7_2045_high_low_REF_high,MGA_0.05_22,max,MGA_2,january_test
WECC_WYCO,ZCF,1895.1009999999999,0.097,p7_2045_high_low_REF_high,MGA_0.05_22,max,MGA_2,january_test
WECC_WYCO,battery,11015.423999999999,11015.423999999999,p7_2045_high_low_REF_high,MGA_0.05_22,max,MGA_2,january_test
WECC_WYCO,flexible_load,5226.18,0.0,p7_2045_high_low_REF_high,MGA_0.05_22,max,MGA_2,january_test
WECC_WYCO,hydro,961.87,0.0,p7_2045_high_low_REF_high,MGA_0.05_22,max,MGA_2,january_test
WECC_WYCO,hydrogen_storage,0.01,0.01,p7_2045_high_low_REF_high,MGA_0.05_22,max,MGA_2,january_test
WECC_WYCO,nuclear,0.004,0.004,p7_2045_high_low_REF_high,MGA_0.05_22,max,MGA_2,january_test
WECC_WYCO,onshore_wind,28072.479000000007,22320.779000000002,p7_2045_high_low_REF_high,MGA_0.05_22,max,MGA_2,january_test
WECC_WYCO,other_renewables,9.676,0.0,p7_2045_high_low_REF_high,MGA_0.05_22,max,MGA_2,january_test
WECC_WYCO,pumped_hydro,562.5,0.0,p7_2045_high_low_REF_high,MGA_0.05_22,max,MGA_2,january_test
WECC_WYCO,solar,34249.782999999996,33656.683,p7_2045_high_low_REF_high,MGA_0.05_22,max,MGA_2,january_test
CA_N,NGCCS,0.049,0.049,p7_2045_high_low_REF_high,MGA_0.05_29,max,MGA_3,january_test
CA_N,ZCF,4656.448000000001,0.061000000000000006,p7_2045_high_low_REF_high,MGA_0.05_29,max,MGA_3,january_test
CA_N,battery,31254.375,31254.375,p7_2045_high_low_REF_high,MGA_0.05_29,max,MGA_3,january_test
CA_N,flexible_load,7498.595,0.0,p7_2045_high_low_REF_high,MGA_0.05_29,max,MGA_3,january_test
CA_N,hydro,7274.007,0.0,p7_2045_high_low_REF_high,MGA_0.05_29,max,MGA_3,january_test
CA_N,hydrogen_storage,0.005,0.005,p7_2045_high_low_REF_high,MGA_0.05_29,max,MGA_3,january_test
CA_N,nuclear,0.0,0.0,p7_2045_high_low_REF_high,MGA_0.05_29,max,MGA_3,january_test
CA_N,offshore_wind,0.0,0.0,p7_2045_high_low_REF_high,MGA_0.05_29,max,MGA_3,january_test
CA_N,onshore_wind,1327.629,0.029,p7_2045_high_low_REF_high,MGA_0.05_29,max,MGA_3,january_test
CA_N,other_renewables,942.3019999999999,0.0,p7_2045_high_low_REF_high,MGA_0.05_29,max,MGA_3,january_test
CA_N,pumped_hydro,1791.0,0.0,p7_2045_high_low_REF_high,MGA_0.05_29,max,MGA_3,january_test
CA_N,solar,64640.659,61853.559,p7_2045_high_low_REF_high,MGA_0.05_29,max,MGA_3,january_test
CA_S,NGCCS,17989.962,17989.962,p7_2045_high_low_REF_high,MGA_0.05_29,max,MGA_3,january_test
CA_S,ZCF,4846.265,0.054000000000000006,p7_2045_high_low_REF_high,MGA_0.05_29,max,MGA_3,january_test
CA_S,battery,5242.806,5242.806,p7_2045_high_low_REF_high,MGA_0.05_29,max,MGA_3,january_test
CA_S,flexible_load,10523.132,0.0,p7_2045_high_low_REF_high,MGA_0.05_29,max,MGA_3,january_test
CA_S,hydro,1396.2,0.0,p7_2045_high_low_REF_high,MGA_0.05_29,max,MGA_3,january_test
CA_S,hydrogen_storage,0.005,0.005,p7_2045_high_low_REF_high,MGA_0.05_29,max,MGA_3,january_test
CA_S,nuclear,0.0,0.0,p7_2045_high_low_REF_high,MGA_0.05_29,max,MGA_3,january_test
CA_S,onshore_wind,15089.899000000001,10354.299,p7_2045_high_low_REF_high,MGA_0.05_29,max,MGA_3,january_test
CA_S,other_renewables,804.667,0.0,p7_2045_high_low_REF_high,MGA_0.05_29,max,MGA_3,january_test
CA_S,pumped_hydro,1665.0,0.0,p7_2045_high_low_REF_high,MGA_0.05_29,max,MGA_3,january_test
CA_S,solar,9520.425000000001,0.42500000000000004,p7_2045_high_low_REF_high,MGA_0.05_29,max,MGA_3,january_test
WECC_N,ZCF,2663.9300000000003,0.0,p7_2045_high_low_REF_high,MGA_0.05_29,max,MGA_3,january_test
WECC_N,battery,22364.795,22364.795,p7_2045_high_low_REF_high,MGA_0.05_29,max,MGA_3,january_test
WECC_N,flexible_load,3946.495,0.0,p7_2045_high_low_REF_high,MGA_0.05_29,max,MGA_3,january_test
WECC_N,hydro,4647.835,0.0,p7_2045_high_low_REF_high,MGA_0.05_29,max,MGA_3,january_test
WECC_N,hydrogen_storage,0.024,0.024,p7_2045_high_low_REF_high,MGA_0.05_29,max,MGA_3,january_test
WECC_N,nuclear,0.004,0.004,p7_2045_high_low_REF_high,MGA_0.05_29,max,MGA_3,january_test
WECC_N,onshore_wind,24649.898999999998,20755.998999999996,p7_2045_high_low_REF_high,MGA_0.05_29,max,MGA_3,january_test
WECC_N,other_renewables,400.29400000000004,0.0,p7_2045_high_low_REF_high,MGA_0.05_29,max,MGA_3,january_test
WECC_N,solar,50739.25600000001,49553.556000000004,p7_2045_high_low_REF_high,MGA_0.05_29,max,MGA_3,january_test
WECC_NMAZ,NGCCS,0.069,0.069,p7_2045_high_low_REF_high,MGA_0.05_29,max,MGA_3,january_test
WECC_NMAZ,ZCF,3716.649,0.11100000000000002,p7_2045_high_low_REF_high,MGA_0.05_29,max,MGA_3,january_test
WECC_NMAZ,battery,12107.538999999999,12107.538999999999,p7_2045_high_low_REF_high,MGA_0.05_29,max,MGA_3,january_test
WECC_NMAZ,flexible_load,7852.401999999999,0.0,p7_2045_high_low_REF_high,MGA_0.05_29,max,MGA_3,january_test
WECC_NMAZ,hydro,3960.0,0.0,p7_2045_high_low_REF_high,MGA_0.05_29,max,MGA_3,january_test
WECC_NMAZ,hydrogen_storage,0.006999999999999999,0.006999999999999999,p7_2045_high_low_REF_high,MGA_0.05_29,max,MGA_3,january_test
WECC_NMAZ,nuclear,4003.005,0.006,p7_2045_high_low_REF_high,MGA_0.05_29,max,MGA_3,january_test
WECC_NMAZ,onshore_wind,27020.298,25785.198,p7_2045_high_low_REF_high,MGA_0.05_29,max,MGA_3,january_test
WECC_NMAZ,other_renewables,18.294,0.0,p7_2045_high_low_REF_high,MGA_0.05_29,max,MGA_3,january_test
WECC_NMAZ,pumped_hydro,216.3,0.0,p7_2045_high_low_REF_high,MGA_0.05_29,max,MGA_3,january_test
WECC_NMAZ,solar,34194.09500000001,27927.695,p7_2045_high_low_REF_high,MGA_0.05_29,max,MGA_3,january_test
WECC_PNW,ZCF,2325.998,0.0,p7_2045_high_low_REF_high,MGA_0.05_29,max,MGA_3,january_test
WECC_PNW,battery,4817.102,4817.102,p7_2045_high_low_REF_high,MGA_0.05_29,max,MGA_3,january_test
WECC_PNW,flexible_load,8967.414,0.0,p7_2045_high_low_REF_high,MGA_0.05_29,max,MGA_3,january_test
WECC_PNW,hydro,29848.5,0.0,p7_2045_high_low_REF_high,MGA_0.05_29,max,MGA_3,january_test
WECC_PNW,hydrogen_storage,0.006999999999999999,0.006999999999999999,p7_2045_high_low_REF_high,MGA_0.05_29,max,MGA_3,january_test
WECC_PNW,nuclear,0.012,0.012,p7_2045_high_low_REF_high,MGA_0.05_29,max,MGA_3,january_test
WECC_PNW,offshore_wind,0.0,0.0,p7_2045_high_low_REF_high,MGA_0.05_29,max,MGA_3,january_test
WECC_PNW,onshore_wind,16933.140999999996,11679.141,p7_2045_high_low_REF_high,MGA_0.05_29,max,MGA_3,january_test
WECC_PNW,other_renewables,91.85699999999999,0.0,p7_2045_high_low_REF_high,MGA_0.05_29,max,MGA_3,january_test
WECC_PNW,pumped_hydro,313.998,0.0,p7_2045_high_low_REF_high,MGA_0.05_29,max,MGA_3,january_test
WECC_PNW,solar,14014.261999999999,13804.362,p7_2045_high_low_REF_high,MGA_0.05_29,max,MGA_3,january_test
WECC_WYCO,NGCCS,0.022000000000000002,0.022000000000000002,p7_2045_high_low_REF_high,MGA_0.05_29,max,MGA_3,january_test
WECC_WYCO,ZCF,1458.8429999999998,0.07500000000000001,p7_2045_high_low_REF_high,MGA_0.05_29,max,MGA_3,january_test
WECC_WYCO,battery,4550.3640000000005,4550.3640000000005,p7_2045_high_low_REF_high,MGA_0.05_29,max,MGA_3,january_test
WECC_WYCO,flexible_load,5226.18,0.0,p7_2045_high_low_REF_high,MGA_0.05_29,max,MGA_3,january_test
WECC_WYCO,hydro,961.87,0.0,p7_2045_high_low_REF_high,MGA_0.05_29,max,MGA_3,january_test
WECC_WYCO,hydrogen_storage,0.019,0.019,p7_2045_high_low_REF_high,MGA_0.05_29,max,MGA_3,january_test
WECC_WYCO,nuclear,0.006,0.006,p7_2045_high_low_REF_high,MGA_0.05_29,max,MGA_3,january_test
WECC_WYCO,onshore_wind,23900.174999999996,18148.474999999995,p7_2045_high_low_REF_high,MGA_0.05_29,max,MGA_3,january_test
WECC_WYCO,other_renewables,9.676,0.0,p7_2045_high_low_REF_high,MGA_0.05_29,max,MGA_3,january_test
WECC_WYCO,pumped_hydro,562.5,0.0,p7_2045_high_low_REF_high,MGA_0.05_29,max,MGA_3,january_test
WECC_WYCO,solar,20906.028,20312.927999999996,p7_2045_high_low_REF_high,MGA_0.05_29,max,MGA_3,january_test
CA_N,NGCCS,4214.707,4214.707,p7_2045_high_low_REF_high,MGA_0.05_17,max,MGA_4,january_test
CA_N,ZCF,6228.714,0.12100000000000001,p7_2045_high_low_REF_high,MGA_0.05_17,max,MGA_4,january_test
CA_N,battery,6343.646,6343.646,p7_2045_high_low_REF_high,MGA_0.05_17,max,MGA_4,january_test
CA_N,flexible_load,7498.595,0.0,p7_2045_high_low_REF_high,MGA_0.05_17,max,MGA_4,january_test
CA_N,hydro,7274.007,0.0,p7_2045_high_low_REF_high,MGA_0.05_17,max,MGA_4,january_test
CA_N,hydrogen_storage,0.004,0.004,p7_2045_high_low_REF_high,MGA_0.05_17,max,MGA_4,january_test
CA_N,nuclear,0.0,0.0,p7_2045_high_low_REF_high,MGA_0.05_17,max,MGA_4,january_test
CA_N,offshore_wind,0.0,0.0,p7_2045_high_low_REF_high,MGA_0.05_17,max,MGA_4,january_test
CA_N,onshore_wind,1327.633,0.033,p7_2045_high_low_REF_high,MGA_0.05_17,max,MGA_4,january_test
CA_N,other_renewables,942.3019999999999,0.0,p7_2045_high_low_REF_high,MGA_0.05_17,max,MGA_4,january_test
CA_N,pumped_hydro,1791.0,0.0,p7_2045_high_low_REF_high,MGA_0.05_17,max,MGA_4,january_test
CA_N,solar,16365.44,13578.34,p7_2045_high_low_REF_high,MGA_0.05_17,max,MGA_4,january_test
CA_S,NGCCS,0.019,0.019,p7_2045_high_low_REF_high,MGA_0.05_17,max,MGA_4,january_test
CA_S,ZCF,6715.821000000001,0.05,p7_2045_high_low_REF_high,MGA_0.05_17,max,MGA_4,january_test
CA_S,battery,49024.17,49024.17,p7_2045_high_low_REF_high,MGA_0.05_17,max,MGA_4,january_test
CA_S,flexible_load,10523.132,0.0,p7_2045_high_low_REF_high,MGA_0.05_17,max,MGA_4,january_test
CA_S,hydro,1396.2,0.0,p7_2045_high_low_REF_high,MGA_0.05_17,max,MGA_4,january_test
CA_S,hydrogen_storage,0.006999999999999999,0.006999999999999999,p7_2045_high_low_REF_high,MGA_0.05_17,max,MGA_4,january_test
CA_S,nuclear,0.0,0.0,p7_2045_high_low_REF_high,MGA_0.05_17,max,MGA_4,january_test
CA_S,onshore_wind,12062.952000000001,7327.352000000001,p7_2045_high_low_REF_high,MGA_0.05_17,max,MGA_4,january_test
CA_S,other_renewables,804.667,0.0,p7_2045_high_low_REF_high,MGA_0.05_17,max,MGA_4,january_test
CA_S,pumped_hydro,1665.0,0.0,p7_2045_high_low_REF_high,MGA_0.05_17,max,MGA_4,january_test
CA_S,solar,96015.586,86495.586,p7_2045_high_low_REF_high,MGA_0.05_17,max,MGA_4,january_test
WECC_N,ZCF,3326.105,0.0,p7_2045_high_low_REF_high,MGA_0.05_17,max,MGA_4,january_test
WECC_N,battery,0.629,0.629,p7_2045_high_low_REF_high,MGA_0.05_17,max,MGA_4,january_test
WECC_N,flexible_load,3946.495,0.0,p7_2045_high_low_REF_high,MGA_0.05_17,max,MGA_4,january_test
WECC_N,hydro,4647.835,0.0,p7_2045_high_low_REF_high,MGA_0.05_17,max,MGA_4,january_test
WECC_N,hydrogen_storage,0.006999999999999999,0.006999999999999999,p7_2045_high_low_REF_high,MGA_0.05_17,max,MGA_4,january_test
WECC_N,nuclear,0.006,0.006,p7_2045_high_low_REF_high,MGA_0.05_17,max,MGA_4,january_test
WECC_N,onshore_wind,23836.409000000003,19942.509000000005,p7_2045_high_low_REF_high,MGA_0.05_17,max,MGA_4,january_test
WECC_N,other_renewables,400.29400000000004,0.0,p7_2045_high_low_REF_high,MGA_0.05_17,max,MGA_4,january_test
WECC_N,solar,2159.379,973.6789999999999,p7_2045_high_low_REF_high,MGA_0.05_17,max,MGA_4,january_test
WECC_NMAZ,NGCCS,1199.193,1199.193,p7_2045_high_low_REF_high,MGA_0.05_17,max,MGA_4,january_test
WECC_NMAZ,ZCF,3645.9809999999998,0.064,p7_2045_high_low_REF_high,MGA_0.05_17,max,MGA_4,january_test
WECC_NMAZ,battery,11136.063,11136.063,p7_2045_high_low_REF_high,MGA_0.05_17,max,MGA_4,january_test
WECC_NMAZ,flexible_load,7852.401999999999,0.0,p7_2045_high_low_REF_high,MGA_0.05_17,max,MGA_4,january_test
WECC_NMAZ,hydro,3960.0,0.0,p7_2045_high_low_REF_high,MGA_0.05_17,max,MGA_4,january_test
WECC_NMAZ,hydrogen_storage,0.012,0.012,p7_2045_high_low_REF_high,MGA_0.05_17,max,MGA_4,january_test
WECC_NMAZ,nuclear,4003.003,0.004,p7_2045_high_low_REF_high,MGA_0.05_17,max,MGA_4,january_test
WECC_NMAZ,onshore_wind,30101.887,28866.786999999997,p7_2045_high_low_REF_high,MGA_0.05_17,max,MGA_4,january_test
WECC_NMAZ,other_renewables,18.294,0.0,p7_2045_high_low_REF_high,MGA_0.05_17,max,MGA_4,january_test
WECC_NMAZ,pumped_hydro,216.3,0.0,p7_2045_high_low_REF_high,MGA_0.05_17,max,MGA_4,january_test
WECC_NMAZ,solar,29787.252999999997,23520.853,p7_2045_high_low_REF_high,MGA_0.05_17,max,MGA_4,january_test
WECC_PNW,ZCF,2325.998,0.0,p7_2045_high_low_REF_high,MGA_0.05_17,max,MGA_4,january_test
WECC_PNW,battery,27251.202,27251.202,p7_2045_high_low_REF_high,MGA_0.05_17,max,MGA_4,january_test
WECC_PNW,flexible_load,8967.414,0.0,p7_2045_high_low_REF_high,MGA_0.05_17,max,MGA_4,january_test
WECC_PNW,hydro,29848.5,0.0,p7_2045_high_low_REF_high,MGA_0.05_17,max,MGA_4,january_test
WECC_PNW,hydrogen_storage,0.008,0.008,p7_2045_high_low_REF_high,MGA_0.05_17,max,MGA_4,january_test
WECC_PNW,nuclear,0.009000000000000001,0.009000000000000001,p7_2045_high_low_REF_high,MGA_0.05_17,max,MGA_4,january_test
WECC_PNW,offshore_wind,0.0,0.0,p7_2045_high_low_REF_high,MGA_0.05_17,max,MGA_4,january_test
WECC_PNW,onshore_wind,9354.400000000001,4100.400000000001,p7_2045_high_low_REF_high,MGA_0.05_17,max,MGA_4,january_test
WECC_PNW,other_renewables,91.85699999999999,0.0,p7_2045_high_low_REF_high,MGA_0.05_17,max,MGA_4,january_test
WECC_PNW,pumped_hydro,313.998,0.0,p7_2045_high_low_REF_high,MGA_0.05_17,max,MGA_4,january_test
WECC_PNW,solar,78137.245,77927.345,p7_2045_high_low_REF_high,MGA_0.05_17,max,MGA_4,january_test
WECC_WYCO,NGCCS,0.021,0.021,p7_2045_high_low_REF_high,MGA_0.05_17,max,MGA_4,january_test
WECC_WYCO,ZCF,1895.0919999999999,0.088,p7_2045_high_low_REF_high,MGA_0.05_17,max,MGA_4,january_test
WECC_WYCO,battery,968.1060000000001,968.1060000000001,p7_2045_high_low_REF_high,MGA_0.05_17,max,MGA_4,january_test
WECC_WYCO,flexible_load,5226.18,0.0,p7_2045_high_low_REF_high,MGA_0.05_17,max,MGA_4,january_test
WECC_WYCO,hydro,961.87,0.0,p7_2045_high_low_REF_high,MGA_0.05_17,max,MGA_4,january_test
WECC_WYCO,hydrogen_storage,0.013999999999999999,0.013999999999999999,p7_2045_high_low_REF_high,MGA_0.05_17,max,MGA_4,january_test
WECC_WYCO,nuclear,0.004,0.004,p7_2045_high_low_REF_high,MGA_0.05_17,max,MGA_4,january_test
WECC_WYCO,onshore_wind,41731.14,35979.44000000001,p7_2045_high_low_REF_high,MGA_0.05_17,max,MGA_4,january_test
WECC_WYCO,other_renewables,9.676,0.0,p7_2045_high_low_REF_high,MGA_0.05_17,max,MGA_4,january_test
WECC_WYCO,pumped_hydro,562.5,0.0,p7_2045_high_low_REF_high,MGA_0.05_17,max,MGA_4,january_test
WECC_WYCO,solar,6243.076000000001,5649.976000000001,p7_2045_high_low_REF_high,MGA_0.05_17,max,MGA_4,january_test
CA_N,NGCCS,9817.758,9817.758,p7_2045_high_low_REF_high,MGA_0.05_24,min,MGA_5,january_test
CA_N,ZCF,4128.015,0.036000000000000004,p7_2045_high_low_REF_high,MGA_0.05_24,min,MGA_5,january_test
CA_N,battery,14622.885,14622.885,p7_2045_high_low_REF_high,MGA_0.05_24,min,MGA_5,january_test
CA_N,flexible_load,7498.595,0.0,p7_2045_high_low_REF_high,MGA_0.05_24,min,MGA_5,january_test
CA_N,hydro,7274.007,0.0,p7_2045_high_low_REF_high,MGA_0.05_24,min,MGA_5,january_test
CA_N,hydrogen_storage,0.002,0.002,p7_2045_high_low_REF_high,MGA_0.05_24,min,MGA_5,january_test
CA_N,nuclear,0.0,0.0,p7_2045_high_low_REF_high,MGA_0.05_24,min,MGA_5,january_test
CA_N,offshore_wind,0.0,0.0,p7_2045_high_low_REF_high,MGA_0.05_24,min,MGA_5,january_test
CA_N,onshore_wind,1327.6189999999997,0.019,p7_2045_high_low_REF_high,MGA_0.05_24,min,MGA_5,january_test
CA_N,other_renewables,942.3019999999999,0.0,p7_2045_high_low_REF_high,MGA_0.05_24,min,MGA_5,january_test
CA_N,pumped_hydro,1791.0,0.0,p7_2045_high_low_REF_high,MGA_0.05_24,min,MGA_5,january_test
CA_N,solar,32860.811,30073.711000000003,p7_2045_high_low_REF_high,MGA_0.05_24,min,MGA_5,january_test
CA_S,NGCCS,6808.934,6808.934,p7_2045_high_low_REF_high,MGA_0.05_24,min,MGA_5,january_test
CA_S,ZCF,6201.130000000001,0.04,p7_2045_high_low_REF_high,MGA_0.05_24,min,MGA_5,january_test
CA_S,battery,10667.305,10667.305,p7_2045_high_low_REF_high,MGA_0.05_24,min,MGA_5,january_test
CA_S,flexible_load,10523.132,0.0,p7_2045_high_low_REF_high,MGA_0.05_24,min,MGA_5,january_test
CA_S,hydro,1396.2,0.0,p7_2045_high_low_REF_high,MGA_0.05_24,min,MGA_5,january_test
CA_S,hydrogen_storage,0.002,0.002,p7_2045_high_low_REF_high,MGA_0.05_24,min,MGA_5,january_test
CA_S,nuclear,0.0,0.0,p7_2045_high_low_REF_high,MGA_0.05_24,min,MGA_5,january_test
CA_S,onshore_wind,11344.252999999999,6608.653000000001,p7_2045_high_low_REF_high,MGA_0.05_24,min,MGA_5,january_test
CA_S,other_renewables,804.667,0.0,p7_2045_high_low_REF_high,MGA_0.05_24,min,MGA_5,january_test
CA_S,pumped_hydro,1665.0,0.0,p7_2045_high_low_REF_high,MGA_0.05_24,min,MGA_5,january_test
CA_S,solar,22330.72,12810.719999999998,p7_2045_high_low_REF_high,MGA_0.05_24,min,MGA_5,january_test
WECC_N,ZCF,3326.105,0.0,p7_2045_high_low_REF_high,MGA_0.05_24,min,MGA_5,january_test
WECC_N,battery,3120.4570000000003,3120.4570000000003,p7_2045_high_low_REF_high,MGA_0.05_24,min,MGA_5,january_test
WECC_N,flexible_load,3946.495,0.0,p7_2045_high_low_REF_high,MGA_0.05_24,min,MGA_5,january_test
WECC_N,hydro,4647.835,0.0,p7_2045_high_low_REF_high,MGA_0.05_24,min,MGA_5,january_test
WECC_N,hydrogen_storage,0.004,0.004,p7_2045_high_low_REF_high,MGA_0.05_24,min,MGA_5,january_test
WECC_N,nuclear,0.005,0.005,p7_2045_high_low_REF_high,MGA_0.05_24,min,MGA_5,january_test
WECC_N,onshore_wind,51601.272999999994,47707.37299999999,p7_2045_high_low_REF_high,MGA_0.05_24,min,MGA_5,january_test
WECC_N,other_renewables,400.29400000000004,0.0,p7_2045_high_low_REF_high,MGA_0.05_24,min,MGA_5,january_test
WECC_N,solar,10530.302,9344.601999999999,p7_2045_high_low_REF_high,MGA_0.05_24,min,MGA_5,january_test
WECC_NMAZ,NGCCS,0.016,0.016,p7_2045_high_low_REF_high,MGA_0.05_24,min,MGA_5,january_test
WECC_NMAZ,ZCF,0.32700000000000007,0.041,p7_2045_high_low_REF_high,MGA_0.05_24,min,MGA_5,january_test
WECC_NMAZ,battery,41974.765,41974.765,p7_2045_high_low_REF_high,MGA_0.05_24,min,MGA_5,january_test
WECC_NMAZ,flexible_load,7852.401999999999,0.0,p7_2045_high_low_REF_high,MGA_0.05_24,min,MGA_5,january_test
WECC_NMAZ,hydro,3960.0,0.0,p7_2045_high_low_REF_high,MGA_0.05_24,min,MGA_5,january_test
WECC_NMAZ,hydrogen_storage,0.004,0.004,p7_2045_high_low_REF_high,MGA_0.05_24,min,MGA_5,january_test
WECC_NMAZ,nuclear,4003.0040000000004,0.005,p7_2045_high_low_REF_high,MGA_0.05_24,min,MGA_5,january_test
WECC_NMAZ,onshore_wind,15228.573,13993.473,p7_2045_high_low_REF_high,MGA_0.05_24,min,MGA_5,january_test
WECC_NMAZ,other_renewables,18.294,0.0,p7_2045_high_low_REF_high,MGA_0.05_24,min,MGA_5,january_test
WECC_NMAZ,pumped_hydro,216.3,0.0,p7_2045_high_low_REF_high,MGA_0.05_24,min,MGA_5,january_test
WECC_NMAZ,solar,84115.40900000001,77849.009,p7_2045_high_low_REF_high,MGA_0.05_24,min,MGA_5,january_test
WECC_PNW,ZCF,2325.998,0.0,p7_2045_high_low_REF_high,MGA_0.05_24,min,MGA_5,january_test
WECC_PNW,battery,12504.104,12504.104,p7_2045_high_low_REF_high,MGA_0.05_24,min,MGA_5,january_test
WECC_PNW,flexible_load,8967.414,0.0,p7_2045_high_low_REF_high,MGA_0.05_24,min,MGA_5,january_test
WECC_PNW,hydro,29848.5,0.0,p7_2045_high_low_REF_high,MGA_0.05_24,min,MGA_5,january_test
WECC_PNW,hydrogen_storage,0.003,0.003,p7_2045_high_low_REF_high,MGA_0.05_24,min,MGA_5,january_test
WECC_PNW,nuclear,0.008,0.008,p7_2045_high_low_REF_high,MGA_0.05_24,min,MGA_5,january_test
WECC_PNW,offshore_wind,0.003,0.003,p7_2045_high_low_REF_high,MGA_0.05_24,min,MGA_5,january_test
WECC_PNW,onshore_wind,9037.651,3783.6510000000003,p7_2045_high_low_REF_high,MGA_0.05_24,min,MGA_5,january_test
WECC_PNW,other_renewables,91.85699999999999,0.0,p7_2045_high_low_REF_high,MGA_0.05_24,min,MGA_5,january_test
WECC_PNW,pumped_hydro,313.998,0.0,p7_2045_high_low_REF_high,MGA_0.05_24,min,MGA_5,january_test
WECC_PNW,solar,32632.146999999997,32422.246999999996,p7_2045_high_low_REF_high,MGA_0.05_24,min,MGA_5,january_test
WECC_WYCO,NGCCS,0.039,0.039,p7_2045_high_low_REF_high,MGA_0.05_24,min,MGA_5,january_test
WECC_WYCO,ZCF,1895.133,0.129,p7_2045_high_low_REF_high,MGA_0.05_24,min,MGA_5,january_test
WECC_WYCO,battery,3656.1290000000004,3656.1290000000004,p7_2045_high_low_REF_high,MGA_0.05_24,min,MGA_5,january_test
WECC_WYCO,flexible_load,5226.18,0.0,p7_2045_high_low_REF_high,MGA_0.05_24,min,MGA_5,january_test
WECC_WYCO,hydro,961.87,0.0,p7_2045_high_low_REF_high,MGA_0.05_24,min,MGA_5,january_test
WECC_WYCO,hydrogen_storage,0.004,0.004,p7_2045_high_low_REF_high,MGA_0.05_24,min,MGA_5,january_test
WECC_WYCO,nuclear,0.004,0.004,p7_2045_high_low_REF_high,MGA_0.05_24,min,MGA_5,january_test
WECC_WYCO,onshore_wind,23644.230000000003,17892.530000000002,p7_2045_high_low_REF_high,MGA_0.05_24,min,MGA_5,january_test
WECC_WYCO,other_renewables,9.676,0.0,p7_2045_high_low_REF_high,MGA_0.05_24,min,MGA_5,january_test
WECC_WYCO,pumped_hydro,562.5,0.0,p7_2045_high_low_REF_high,MGA_0.05_24,min,MGA_5,january_test
WECC_WYCO,solar,18687.555,18094.454999999998,p7_2045_high_low_REF_high,MGA_0.05_24,min,MGA_5,january_test
