Line,New_Trans_Capacity,Cost_Trans_Capacity,iter,Policy,folder,case,weeks
1,-0.0003089725,-28.14616,1,p2_2045_high_mid_REF_high,MGA_0.05_16,max,january_test
2,99.99843,9226555.0,1,p2_2045_high_mid_REF_high,MGA_0.05_16,max,january_test
3,2696.8547,235440800.0,1,p2_2045_high_mid_REF_high,MGA_0.05_16,max,january_test
4,1399.9976,146467740.0,1,p2_2045_high_mid_REF_high,MGA_0.05_16,max,january_test
5,10113.063,850225500.0,1,p2_2045_high_mid_REF_high,MGA_0.05_16,max,january_test
6,-0.00030587887000000003,-41.904793,1,p2_2045_high_mid_REF_high,MGA_0.05_16,max,january_test
7,739.9999,46869372.0,1,p2_2045_high_mid_REF_high,MGA_0.05_16,max,january_test
8,5149.9995,210985180.0,1,p2_2045_high_mid_REF_high,MGA_0.05_16,max,january_test
9,4150.0,168676750.0,1,p2_2045_high_mid_REF_high,MGA_0.05_16,max,january_test
10,664.0003,34073840.0,1,p2_2045_high_mid_REF_high,MGA_0.05_16,max,january_test
1,-0.00022559337000000002,-20.550653,2,p2_2045_high_mid_REF_high,MGA_0.05_14,max,january_test
2,99.99798,9226514.0,2,p2_2045_high_mid_REF_high,MGA_0.05_14,max,january_test
3,1700.2479,148435040.0,2,p2_2045_high_mid_REF_high,MGA_0.05_14,max,january_test
4,1399.9926,146467220.0,2,p2_2045_high_mid_REF_high,MGA_0.05_14,max,january_test
5,-0.00022031990000000002,-18.522734,2,p2_2045_high_mid_REF_high,MGA_0.05_14,max,january_test
6,-0.00022370263,-30.646814000000003,2,p2_2045_high_mid_REF_high,MGA_0.05_14,max,january_test
7,739.99963,46869356.0,2,p2_2045_high_mid_REF_high,MGA_0.05_14,max,january_test
8,5149.9995,210985180.0,2,p2_2045_high_mid_REF_high,MGA_0.05_14,max,january_test
9,4149.9893,168676320.0,2,p2_2045_high_mid_REF_high,MGA_0.05_14,max,january_test
10,664.0002,34073836.0,2,p2_2045_high_mid_REF_high,MGA_0.05_14,max,january_test
1,3452.1279999999997,314475040.0,3,p2_2045_high_mid_REF_high,MGA_0.05_17,max,january_test
2,99.99575,9226308.0,3,p2_2045_high_mid_REF_high,MGA_0.05_17,max,january_test
3,3674.9854,320833570.0,3,p2_2045_high_mid_REF_high,MGA_0.05_17,max,january_test
4,1260.8134,131906290.0,3,p2_2045_high_mid_REF_high,MGA_0.05_17,max,january_test
5,-0.00018716694,-15.735498000000002,3,p2_2045_high_mid_REF_high,MGA_0.05_17,max,january_test
6,-0.00021553997000000002,-29.528545,3,p2_2045_high_mid_REF_high,MGA_0.05_17,max,january_test
7,739.9996,46869350.0,3,p2_2045_high_mid_REF_high,MGA_0.05_17,max,january_test
8,5150.0,210985200.0,3,p2_2045_high_mid_REF_high,MGA_0.05_17,max,january_test
9,4149.9995,168676720.0,3,p2_2045_high_mid_REF_high,MGA_0.05_17,max,january_test
10,664.0002,34073836.0,3,p2_2045_high_mid_REF_high,MGA_0.05_17,max,january_test
1,1896.3770000000002,172752350.0,4,p2_2045_high_mid_REF_high,MGA_0.05_3,max,january_test
2,99.99883,9226592.0,4,p2_2045_high_mid_REF_high,MGA_0.05_3,max,january_test
3,2186.6538,190899250.0,4,p2_2045_high_mid_REF_high,MGA_0.05_3,max,january_test
4,592.2243,61958508.0,4,p2_2045_high_mid_REF_high,MGA_0.05_3,max,january_test
5,3666.4717,308247600.0,4,p2_2045_high_mid_REF_high,MGA_0.05_3,max,january_test
6,-0.00039932724999999997,-54.707035,4,p2_2045_high_mid_REF_high,MGA_0.05_3,max,january_test
7,739.9998,46869370.0,4,p2_2045_high_mid_REF_high,MGA_0.05_3,max,january_test
8,5150.0,210985220.0,4,p2_2045_high_mid_REF_high,MGA_0.05_3,max,january_test
9,1690.5249,68711384.0,4,p2_2045_high_mid_REF_high,MGA_0.05_3,max,january_test
10,664.00037,34073844.0,4,p2_2045_high_mid_REF_high,MGA_0.05_3,max,january_test
1,922.18585,84007440.0,5,p2_2045_high_mid_REF_high,MGA_0.05_9,max,january_test
2,99.99991999999999,9226693.0,5,p2_2045_high_mid_REF_high,MGA_0.05_9,max,january_test
3,220.85721,19281276.0,5,p2_2045_high_mid_REF_high,MGA_0.05_9,max,january_test
4,1399.9989,146467890.0,5,p2_2045_high_mid_REF_high,MGA_0.05_9,max,january_test
5,10463.997,879729150.0,5,p2_2045_high_mid_REF_high,MGA_0.05_9,max,january_test
6,616.6482,84479570.0,5,p2_2045_high_mid_REF_high,MGA_0.05_9,max,january_test
7,739.99963,46869360.0,5,p2_2045_high_mid_REF_high,MGA_0.05_9,max,january_test
8,5150.0,210985200.0,5,p2_2045_high_mid_REF_high,MGA_0.05_9,max,january_test
9,4149.9966,168676620.0,5,p2_2045_high_mid_REF_high,MGA_0.05_9,max,january_test
10,663.9997599999999,34073812.0,5,p2_2045_high_mid_REF_high,MGA_0.05_9,max,january_test
1,1017.6585,92704620.0,6,p2_2045_high_mid_REF_high,MGA_0.05_1,max,january_test
2,99.99873000000001,9226583.0,6,p2_2045_high_mid_REF_high,MGA_0.05_1,max,january_test
3,279.50992,24401776.0,6,p2_2045_high_mid_REF_high,MGA_0.05_1,max,january_test
4,1399.994,146467380.0,6,p2_2045_high_mid_REF_high,MGA_0.05_1,max,january_test
5,0.004964405,417.36746,6,p2_2045_high_mid_REF_high,MGA_0.05_1,max,january_test
6,-0.00023426015,-32.093174,6,p2_2045_high_mid_REF_high,MGA_0.05_1,max,january_test
7,739.9998,46869370.0,6,p2_2045_high_mid_REF_high,MGA_0.05_1,max,january_test
8,5150.0,210985200.0,6,p2_2045_high_mid_REF_high,MGA_0.05_1,max,january_test
9,4149.9995,168676740.0,6,p2_2045_high_mid_REF_high,MGA_0.05_1,max,january_test
10,664.0002400000001,34073836.0,6,p2_2045_high_mid_REF_high,MGA_0.05_1,max,january_test
1,-0.00023921408999999998,-21.791447,7,p2_2045_high_mid_REF_high,MGA_0.05_23,max,january_test
2,99.98155,9224998.0,7,p2_2045_high_mid_REF_high,MGA_0.05_23,max,january_test
3,-0.00037225940000000003,-32.498993,7,p2_2045_high_mid_REF_high,MGA_0.05_23,max,january_test
4,-0.0003686261,-38.565661999999996,7,p2_2045_high_mid_REF_high,MGA_0.05_23,max,january_test
5,-0.00036394806000000004,-30.597841,7,p2_2045_high_mid_REF_high,MGA_0.05_23,max,january_test
6,2202.8062,301780030.0,7,p2_2045_high_mid_REF_high,MGA_0.05_23,max,january_test
7,739.9986,46869292.0,7,p2_2045_high_mid_REF_high,MGA_0.05_23,max,january_test
8,5150.0,210985200.0,7,p2_2045_high_mid_REF_high,MGA_0.05_23,max,january_test
9,2149.3928,87362060.0,7,p2_2045_high_mid_REF_high,MGA_0.05_23,max,january_test
10,663.99927,34073788.0,7,p2_2045_high_mid_REF_high,MGA_0.05_23,max,january_test
1,0.00058075675,52.904617,8,p2_2045_high_mid_REF_high,MGA_0.05_26,max,january_test
2,99.99896,9226604.0,8,p2_2045_high_mid_REF_high,MGA_0.05_26,max,january_test
3,-0.00018301203000000002,-15.977316,8,p2_2045_high_mid_REF_high,MGA_0.05_26,max,january_test
4,901.4741,94312220.0,8,p2_2045_high_mid_REF_high,MGA_0.05_26,max,january_test
5,10463.993,879728830.0,8,p2_2045_high_mid_REF_high,MGA_0.05_26,max,january_test
6,-0.0002821347,-38.651886,8,p2_2045_high_mid_REF_high,MGA_0.05_26,max,january_test
7,739.9994,46869340.0,8,p2_2045_high_mid_REF_high,MGA_0.05_26,max,january_test
8,5150.0,210985200.0,8,p2_2045_high_mid_REF_high,MGA_0.05_26,max,january_test
9,4149.998,168676660.0,8,p2_2045_high_mid_REF_high,MGA_0.05_26,max,january_test
10,663.99994,34073820.0,8,p2_2045_high_mid_REF_high,MGA_0.05_26,max,january_test
1,1594.7277,145273310.0,9,p2_2045_high_mid_REF_high,MGA_0.05_6,max,january_test
2,99.99987,9226688.0,9,p2_2045_high_mid_REF_high,MGA_0.05_6,max,january_test
3,866.0626,75609000.0,9,p2_2045_high_mid_REF_high,MGA_0.05_6,max,january_test
4,1399.999,146467900.0,9,p2_2045_high_mid_REF_high,MGA_0.05_6,max,january_test
5,10463.996,879729100.0,9,p2_2045_high_mid_REF_high,MGA_0.05_6,max,january_test
6,2133.5476,292291780.0,9,p2_2045_high_mid_REF_high,MGA_0.05_6,max,january_test
7,740.00006,46869384.0,9,p2_2045_high_mid_REF_high,MGA_0.05_6,max,january_test
8,5150.0,210985200.0,9,p2_2045_high_mid_REF_high,MGA_0.05_6,max,january_test
9,4149.9995,168676740.0,9,p2_2045_high_mid_REF_high,MGA_0.05_6,max,january_test
10,664.0001,34073830.0,9,p2_2045_high_mid_REF_high,MGA_0.05_6,max,january_test
1,2870.2412,261467500.0,10,p2_2045_high_mid_REF_high,MGA_0.05_5,max,january_test
2,99.999954,9226696.0,10,p2_2045_high_mid_REF_high,MGA_0.05_5,max,january_test
3,3674.9922,320834140.0,10,p2_2045_high_mid_REF_high,MGA_0.05_5,max,january_test
4,1399.9979999999998,146467800.0,10,p2_2045_high_mid_REF_high,MGA_0.05_5,max,january_test
5,-0.00039142458,-32.907845,10,p2_2045_high_mid_REF_high,MGA_0.05_5,max,january_test
6,-0.0003676186,-50.363014,10,p2_2045_high_mid_REF_high,MGA_0.05_5,max,january_test
7,740.00006,46869384.0,10,p2_2045_high_mid_REF_high,MGA_0.05_5,max,january_test
8,5150.0,210985200.0,10,p2_2045_high_mid_REF_high,MGA_0.05_5,max,january_test
9,4149.9653,168675340.0,10,p2_2045_high_mid_REF_high,MGA_0.05_5,max,january_test
10,664.00037,34073844.0,10,p2_2045_high_mid_REF_high,MGA_0.05_5,max,january_test
1,-0.00038934246,-35.46754,11,p2_2045_high_mid_REF_high,MGA_0.05_24,max,january_test
2,-4.9606133e-05,-4.577008999999999,11,p2_2045_high_mid_REF_high,MGA_0.05_24,max,january_test
3,-0.00039707017,-34.66502,11,p2_2045_high_mid_REF_high,MGA_0.05_24,max,january_test
4,-0.00039927102999999997,-41.771736,11,p2_2045_high_mid_REF_high,MGA_0.05_24,max,january_test
5,10222.282,859407740.0,11,p2_2045_high_mid_REF_high,MGA_0.05_24,max,january_test
6,-0.00040648034,-55.68699300000001,11,p2_2045_high_mid_REF_high,MGA_0.05_24,max,january_test
7,740.0,46869380.0,11,p2_2045_high_mid_REF_high,MGA_0.05_24,max,january_test
8,3466.4697,142014340.0,11,p2_2045_high_mid_REF_high,MGA_0.05_24,max,january_test
9,4150.0005,168676770.0,11,p2_2045_high_mid_REF_high,MGA_0.05_24,max,january_test
10,664.00037,34073844.0,11,p2_2045_high_mid_REF_high,MGA_0.05_24,max,january_test
1,3674.9998,334777800.0,12,p2_2045_high_mid_REF_high,MGA_0.05_18,max,january_test
2,99.99948,9226652.0,12,p2_2045_high_mid_REF_high,MGA_0.05_18,max,january_test
3,509.46935999999994,44477696.0,12,p2_2045_high_mid_REF_high,MGA_0.05_18,max,january_test
4,1399.999,146467900.0,12,p2_2045_high_mid_REF_high,MGA_0.05_18,max,january_test
5,-0.00025787097,-21.679728,12,p2_2045_high_mid_REF_high,MGA_0.05_18,max,january_test
6,2857.9993,391540160.0,12,p2_2045_high_mid_REF_high,MGA_0.05_18,max,january_test
7,740.0002,46869390.0,12,p2_2045_high_mid_REF_high,MGA_0.05_18,max,january_test
8,5150.0,210985200.0,12,p2_2045_high_mid_REF_high,MGA_0.05_18,max,january_test
9,4150.0,168676750.0,12,p2_2045_high_mid_REF_high,MGA_0.05_18,max,january_test
10,664.0002400000001,34073836.0,12,p2_2045_high_mid_REF_high,MGA_0.05_18,max,january_test
1,-0.00032490367,-29.597424,13,p2_2045_high_mid_REF_high,MGA_0.05_10,max,january_test
2,99.99504,9226243.0,13,p2_2045_high_mid_REF_high,MGA_0.05_10,max,january_test
3,3674.9970000000003,320834600.0,13,p2_2045_high_mid_REF_high,MGA_0.05_10,max,january_test
4,210.15204,21986106.0,13,p2_2045_high_mid_REF_high,MGA_0.05_10,max,january_test
5,-0.00033903214999999996,-28.503109999999996,13,p2_2045_high_mid_REF_high,MGA_0.05_10,max,january_test
6,-0.00033382274,-45.733047,13,p2_2045_high_mid_REF_high,MGA_0.05_10,max,january_test
7,739.9954,46869092.0,13,p2_2045_high_mid_REF_high,MGA_0.05_10,max,january_test
8,5150.0,210985220.0,13,p2_2045_high_mid_REF_high,MGA_0.05_10,max,january_test
9,4149.994000000001,168676510.0,13,p2_2045_high_mid_REF_high,MGA_0.05_10,max,january_test
10,663.9999,34073820.0,13,p2_2045_high_mid_REF_high,MGA_0.05_10,max,january_test
1,596.6899400000001,54356068.0,14,p2_2045_high_mid_REF_high,MGA_0.05_27,max,january_test
2,99.9633,9223314.0,14,p2_2045_high_mid_REF_high,MGA_0.05_27,max,january_test
3,3674.9966,320834560.0,14,p2_2045_high_mid_REF_high,MGA_0.05_27,max,january_test
4,-9.302085999999999e-05,-9.731843,14,p2_2045_high_mid_REF_high,MGA_0.05_27,max,january_test
5,-0.00010196578999999999,-8.572467999999999,14,p2_2045_high_mid_REF_high,MGA_0.05_27,max,january_test
6,242.14062,33172780.0,14,p2_2045_high_mid_REF_high,MGA_0.05_27,max,january_test
7,739.9996,46869350.0,14,p2_2045_high_mid_REF_high,MGA_0.05_27,max,january_test
8,5149.999,210985150.0,14,p2_2045_high_mid_REF_high,MGA_0.05_27,max,january_test
9,3312.2842,134627790.0,14,p2_2045_high_mid_REF_high,MGA_0.05_27,max,january_test
10,663.9997,34073810.0,14,p2_2045_high_mid_REF_high,MGA_0.05_27,max,january_test
1,-0.00032974503,-30.038453999999998,15,p2_2045_high_mid_REF_high,MGA_0.05_20,max,january_test
2,99.99496500000001,9226236.0,15,p2_2045_high_mid_REF_high,MGA_0.05_20,max,january_test
3,-0.00036039486,-31.46319,15,p2_2045_high_mid_REF_high,MGA_0.05_20,max,january_test
4,1399.9839,146466320.0,15,p2_2045_high_mid_REF_high,MGA_0.05_20,max,january_test
5,-0.00034760852999999995,-29.224144,15,p2_2045_high_mid_REF_high,MGA_0.05_20,max,january_test
6,-0.00036150137999999997,-49.524967,15,p2_2045_high_mid_REF_high,MGA_0.05_20,max,january_test
7,740.0002,46869390.0,15,p2_2045_high_mid_REF_high,MGA_0.05_20,max,january_test
8,5149.9995,210985180.0,15,p2_2045_high_mid_REF_high,MGA_0.05_20,max,january_test
9,4149.979,168675890.0,15,p2_2045_high_mid_REF_high,MGA_0.05_20,max,january_test
10,664.00037,34073840.0,15,p2_2045_high_mid_REF_high,MGA_0.05_20,max,january_test
1,3674.9946,334777300.0,16,p2_2045_high_mid_REF_high,MGA_0.05_15,max,january_test
2,99.99964,9226667.0,16,p2_2045_high_mid_REF_high,MGA_0.05_15,max,january_test
3,315.62054,27554304.0,16,p2_2045_high_mid_REF_high,MGA_0.05_15,max,january_test
4,1399.9995,146467950.0,16,p2_2045_high_mid_REF_high,MGA_0.05_15,max,january_test
5,8801.575,739966000.0,16,p2_2045_high_mid_REF_high,MGA_0.05_15,max,january_test
6,-9.135771000000001e-05,-12.515823,16,p2_2045_high_mid_REF_high,MGA_0.05_15,max,january_test
7,740.00006,46869384.0,16,p2_2045_high_mid_REF_high,MGA_0.05_15,max,january_test
8,5150.0,210985200.0,16,p2_2045_high_mid_REF_high,MGA_0.05_15,max,january_test
9,4149.9956,168676580.0,16,p2_2045_high_mid_REF_high,MGA_0.05_15,max,january_test
10,664.00006,34073828.0,16,p2_2045_high_mid_REF_high,MGA_0.05_15,max,january_test
1,-1.4069045000000002e-05,-1.2816337,17,p2_2045_high_mid_REF_high,MGA_0.05_19,max,january_test
2,99.99988,9226689.0,17,p2_2045_high_mid_REF_high,MGA_0.05_19,max,january_test
3,2382.3281,207982020.0,17,p2_2045_high_mid_REF_high,MGA_0.05_19,max,january_test
4,1399.9993,146467920.0,17,p2_2045_high_mid_REF_high,MGA_0.05_19,max,january_test
5,-0.00018696897,-15.718855,17,p2_2045_high_mid_REF_high,MGA_0.05_19,max,january_test
6,990.03345,135632600.0,17,p2_2045_high_mid_REF_high,MGA_0.05_19,max,january_test
7,740.0002,46869390.0,17,p2_2045_high_mid_REF_high,MGA_0.05_19,max,january_test
8,5150.0,210985200.0,17,p2_2045_high_mid_REF_high,MGA_0.05_19,max,january_test
9,4149.9995,168676740.0,17,p2_2045_high_mid_REF_high,MGA_0.05_19,max,january_test
10,664.0002,34073830.0,17,p2_2045_high_mid_REF_high,MGA_0.05_19,max,january_test
1,-0.00019994623,-18.214302,18,p2_2045_high_mid_REF_high,MGA_0.05_25,max,january_test
2,99.99277,9226033.0,18,p2_2045_high_mid_REF_high,MGA_0.05_25,max,january_test
3,2445.4258,213490560.0,18,p2_2045_high_mid_REF_high,MGA_0.05_25,max,january_test
4,1399.9851,146466450.0,18,p2_2045_high_mid_REF_high,MGA_0.05_25,max,january_test
5,-0.00018700375,-15.721779999999999,18,p2_2045_high_mid_REF_high,MGA_0.05_25,max,january_test
6,-0.00019952157,-27.334057,18,p2_2045_high_mid_REF_high,MGA_0.05_25,max,january_test
7,739.99963,46869360.0,18,p2_2045_high_mid_REF_high,MGA_0.05_25,max,january_test
8,5150.0,210985200.0,18,p2_2045_high_mid_REF_high,MGA_0.05_25,max,january_test
9,3028.5635,123095970.0,18,p2_2045_high_mid_REF_high,MGA_0.05_25,max,january_test
10,664.00006,34073828.0,18,p2_2045_high_mid_REF_high,MGA_0.05_25,max,january_test
1,-0.00042637193,-38.84078,19,p2_2045_high_mid_REF_high,MGA_0.05_28,max,january_test
2,99.999176,9226624.0,19,p2_2045_high_mid_REF_high,MGA_0.05_28,max,january_test
3,1274.1359,111234616.0,19,p2_2045_high_mid_REF_high,MGA_0.05_28,max,january_test
4,1399.996,146467580.0,19,p2_2045_high_mid_REF_high,MGA_0.05_28,max,january_test
5,-0.0004260399,-35.818027,19,p2_2045_high_mid_REF_high,MGA_0.05_28,max,january_test
6,-0.00042695852,-58.492461999999996,19,p2_2045_high_mid_REF_high,MGA_0.05_28,max,january_test
7,740.0,46869380.0,19,p2_2045_high_mid_REF_high,MGA_0.05_28,max,january_test
8,5150.0005,210985220.0,19,p2_2045_high_mid_REF_high,MGA_0.05_28,max,january_test
9,3452.0840000000003,140309950.0,19,p2_2045_high_mid_REF_high,MGA_0.05_28,max,january_test
10,664.0004,34073844.0,19,p2_2045_high_mid_REF_high,MGA_0.05_28,max,january_test
1,3674.9937,334777200.0,20,p2_2045_high_mid_REF_high,MGA_0.05_29,max,january_test
2,99.99886,9226595.0,20,p2_2045_high_mid_REF_high,MGA_0.05_29,max,january_test
3,1509.4298,131776240.0,20,p2_2045_high_mid_REF_high,MGA_0.05_29,max,january_test
4,1399.9985,146467840.0,20,p2_2045_high_mid_REF_high,MGA_0.05_29,max,january_test
5,-0.000261361,-21.973143,20,p2_2045_high_mid_REF_high,MGA_0.05_29,max,january_test
6,2334.0825,319764600.0,20,p2_2045_high_mid_REF_high,MGA_0.05_29,max,january_test
7,740.00006,46869384.0,20,p2_2045_high_mid_REF_high,MGA_0.05_29,max,january_test
8,5150.0,210985200.0,20,p2_2045_high_mid_REF_high,MGA_0.05_29,max,january_test
9,1129.6578,45914944.0,20,p2_2045_high_mid_REF_high,MGA_0.05_29,max,january_test
10,664.0002400000001,34073836.0,20,p2_2045_high_mid_REF_high,MGA_0.05_29,max,january_test
1,0.008875515,808.5239,21,p2_2045_high_mid_REF_high,MGA_0.05_11,max,january_test
2,99.99955,9226659.0,21,p2_2045_high_mid_REF_high,MGA_0.05_11,max,january_test
3,1207.1293,105384800.0,21,p2_2045_high_mid_REF_high,MGA_0.05_11,max,january_test
4,427.8467,44761324.0,21,p2_2045_high_mid_REF_high,MGA_0.05_11,max,january_test
5,-0.00044674985,-37.559155,21,p2_2045_high_mid_REF_high,MGA_0.05_11,max,january_test
6,-0.00044729927,-61.279106000000006,21,p2_2045_high_mid_REF_high,MGA_0.05_11,max,january_test
7,739.9972,46869204.0,21,p2_2045_high_mid_REF_high,MGA_0.05_11,max,january_test
8,5150.0005,210985220.0,21,p2_2045_high_mid_REF_high,MGA_0.05_11,max,january_test
9,4150.0,168676750.0,21,p2_2045_high_mid_REF_high,MGA_0.05_11,max,january_test
10,664.0004,34073844.0,21,p2_2045_high_mid_REF_high,MGA_0.05_11,max,january_test
1,3674.9817,334776130.0,22,p2_2045_high_mid_REF_high,MGA_0.05_8,max,january_test
2,-0.00025040776,-23.104372,22,p2_2045_high_mid_REF_high,MGA_0.05_8,max,january_test
3,3674.995,320834430.0,22,p2_2045_high_mid_REF_high,MGA_0.05_8,max,january_test
4,1399.996,146467570.0,22,p2_2045_high_mid_REF_high,MGA_0.05_8,max,january_test
5,6234.258000000001,524126530.0,22,p2_2045_high_mid_REF_high,MGA_0.05_8,max,january_test
6,-0.000311133,-42.624596000000004,22,p2_2045_high_mid_REF_high,MGA_0.05_8,max,january_test
7,740.0002,46869390.0,22,p2_2045_high_mid_REF_high,MGA_0.05_8,max,january_test
8,5150.0,210985200.0,22,p2_2045_high_mid_REF_high,MGA_0.05_8,max,january_test
9,4149.999,168676700.0,22,p2_2045_high_mid_REF_high,MGA_0.05_8,max,january_test
10,664.0003,34073840.0,22,p2_2045_high_mid_REF_high,MGA_0.05_8,max,january_test
1,3040.2974,276958940.0,23,p2_2045_high_mid_REF_high,MGA_0.05_21,max,january_test
2,100.00021,9226720.0,23,p2_2045_high_mid_REF_high,MGA_0.05_21,max,january_test
3,1345.7992,117490960.0,23,p2_2045_high_mid_REF_high,MGA_0.05_21,max,january_test
4,1399.9993,146467920.0,23,p2_2045_high_mid_REF_high,MGA_0.05_21,max,january_test
5,7062.471,593756000.0,23,p2_2045_high_mid_REF_high,MGA_0.05_21,max,january_test
6,-0.00025943133999999996,-35.541573,23,p2_2045_high_mid_REF_high,MGA_0.05_21,max,january_test
7,740.0,46869380.0,23,p2_2045_high_mid_REF_high,MGA_0.05_21,max,january_test
8,5150.0,210985200.0,23,p2_2045_high_mid_REF_high,MGA_0.05_21,max,january_test
9,4149.9995,168676740.0,23,p2_2045_high_mid_REF_high,MGA_0.05_21,max,january_test
10,664.00006,34073828.0,23,p2_2045_high_mid_REF_high,MGA_0.05_21,max,january_test
1,-1.4068535e-05,-1.2815872,Base,p2_2045_high_mid_REF_high,Base,max,january_test
2,99.99664,9226390.0,Base,p2_2045_high_mid_REF_high,Base,max,january_test
3,-3.8722523999999995e-06,-0.33805537,Base,p2_2045_high_mid_REF_high,Base,max,january_test
4,1399.9783,146465730.0,Base,p2_2045_high_mid_REF_high,Base,max,january_test
5,-9.352233e-06,-0.78626096,Base,p2_2045_high_mid_REF_high,Base,max,january_test
6,-1.3791756e-05,-1.8894429,Base,p2_2045_high_mid_REF_high,Base,max,january_test
7,739.9991,46869324.0,Base,p2_2045_high_mid_REF_high,Base,max,january_test
8,5149.9995,210985180.0,Base,p2_2045_high_mid_REF_high,Base,max,january_test
9,4149.634,168661870.0,Base,p2_2045_high_mid_REF_high,Base,max,january_test
10,663.9997,34073810.0,Base,p2_2045_high_mid_REF_high,Base,max,january_test
1,-4.224417e-05,-3.848275,24,p2_2045_high_mid_REF_high,MGA_0.05_2,max,january_test
2,99.99117,9225885.0,24,p2_2045_high_mid_REF_high,MGA_0.05_2,max,january_test
3,-3.899452e-05,-3.4042995000000005,24,p2_2045_high_mid_REF_high,MGA_0.05_2,max,january_test
4,-4.103262e-05,-4.292833,24,p2_2045_high_mid_REF_high,MGA_0.05_2,max,january_test
5,-3.9722177e-05,-3.3395227999999997,24,p2_2045_high_mid_REF_high,MGA_0.05_2,max,january_test
6,-4.246555999999999e-05,-5.8176966,24,p2_2045_high_mid_REF_high,MGA_0.05_2,max,january_test
7,739.99915,46869330.0,24,p2_2045_high_mid_REF_high,MGA_0.05_2,max,january_test
8,5149.9966,210985070.0,24,p2_2045_high_mid_REF_high,MGA_0.05_2,max,january_test
9,2802.4287,113904720.0,24,p2_2045_high_mid_REF_high,MGA_0.05_2,max,january_test
10,663.9996,34073800.0,24,p2_2045_high_mid_REF_high,MGA_0.05_2,max,january_test
1,3674.9988,334777700.0,25,p2_2045_high_mid_REF_high,MGA_0.05_12,max,january_test
2,99.99908,9226615.0,25,p2_2045_high_mid_REF_high,MGA_0.05_12,max,january_test
3,-0.0002586147,-22.577579999999998,25,p2_2045_high_mid_REF_high,MGA_0.05_12,max,january_test
4,1399.9820000000002,146466130.0,25,p2_2045_high_mid_REF_high,MGA_0.05_12,max,january_test
5,-0.0002550955,-21.44639,25,p2_2045_high_mid_REF_high,MGA_0.05_12,max,january_test
6,2857.9846,391538180.0,25,p2_2045_high_mid_REF_high,MGA_0.05_12,max,january_test
7,739.9998,46869370.0,25,p2_2045_high_mid_REF_high,MGA_0.05_12,max,january_test
8,5150.0,210985200.0,25,p2_2045_high_mid_REF_high,MGA_0.05_12,max,january_test
9,4149.9995,168676720.0,25,p2_2045_high_mid_REF_high,MGA_0.05_12,max,january_test
10,664.0002400000001,34073836.0,25,p2_2045_high_mid_REF_high,MGA_0.05_12,max,january_test
1,-0.00030245216,-27.552183000000003,26,p2_2045_high_mid_REF_high,MGA_0.05_4,max,january_test
2,99.99971,9226673.0,26,p2_2045_high_mid_REF_high,MGA_0.05_4,max,january_test
3,850.1879,74223100.0,26,p2_2045_high_mid_REF_high,MGA_0.05_4,max,january_test
4,1399.9991,146467900.0,26,p2_2045_high_mid_REF_high,MGA_0.05_4,max,january_test
5,-0.0002818451,-23.695282000000002,26,p2_2045_high_mid_REF_high,MGA_0.05_4,max,january_test
6,-0.00030382244999999997,-41.62307,26,p2_2045_high_mid_REF_high,MGA_0.05_4,max,january_test
7,740.0003,46869396.0,26,p2_2045_high_mid_REF_high,MGA_0.05_4,max,january_test
8,5150.0,210985200.0,26,p2_2045_high_mid_REF_high,MGA_0.05_4,max,january_test
9,4150.0,168676750.0,26,p2_2045_high_mid_REF_high,MGA_0.05_4,max,january_test
10,664.0003,34073840.0,26,p2_2045_high_mid_REF_high,MGA_0.05_4,max,january_test
1,980.322,89303416.0,27,p2_2045_high_mid_REF_high,MGA_0.05_7,max,january_test
2,99.99535999999999,9226272.0,27,p2_2045_high_mid_REF_high,MGA_0.05_7,max,january_test
3,2811.0203,245407700.0,27,p2_2045_high_mid_REF_high,MGA_0.05_7,max,january_test
4,911.54224,95365544.0,27,p2_2045_high_mid_REF_high,MGA_0.05_7,max,january_test
5,0.0006590838,55.41049,27,p2_2045_high_mid_REF_high,MGA_0.05_7,max,january_test
6,-0.00020554411,-28.159132,27,p2_2045_high_mid_REF_high,MGA_0.05_7,max,january_test
7,739.99963,46869360.0,27,p2_2045_high_mid_REF_high,MGA_0.05_7,max,january_test
8,4128.3486,169130180.0,27,p2_2045_high_mid_REF_high,MGA_0.05_7,max,january_test
9,1405.2799,57117600.0,27,p2_2045_high_mid_REF_high,MGA_0.05_7,max,january_test
10,663.9999,34073816.0,27,p2_2045_high_mid_REF_high,MGA_0.05_7,max,january_test
1,3674.9995,334777760.0,28,p2_2045_high_mid_REF_high,MGA_0.05_13,max,january_test
2,100.00010999999999,9226710.0,28,p2_2045_high_mid_REF_high,MGA_0.05_13,max,january_test
3,332.06284,28989750.0,28,p2_2045_high_mid_REF_high,MGA_0.05_13,max,january_test
4,1399.9993,146467920.0,28,p2_2045_high_mid_REF_high,MGA_0.05_13,max,january_test
5,-0.0001561043,-13.124001000000002,28,p2_2045_high_mid_REF_high,MGA_0.05_13,max,january_test
6,2857.9978,391539970.0,28,p2_2045_high_mid_REF_high,MGA_0.05_13,max,january_test
7,740.00006,46869384.0,28,p2_2045_high_mid_REF_high,MGA_0.05_13,max,january_test
8,5150.0,210985200.0,28,p2_2045_high_mid_REF_high,MGA_0.05_13,max,january_test
9,3340.3225,135767410.0,28,p2_2045_high_mid_REF_high,MGA_0.05_13,max,january_test
10,664.0002,34073830.0,28,p2_2045_high_mid_REF_high,MGA_0.05_13,max,january_test
1,2830.2424,257823760.0,29,p2_2045_high_mid_REF_high,MGA_0.05_22,max,january_test
2,99.99324,9226077.0,29,p2_2045_high_mid_REF_high,MGA_0.05_22,max,january_test
3,3642.6704,318012400.0,29,p2_2045_high_mid_REF_high,MGA_0.05_22,max,january_test
4,-0.0002593961,-27.13802,29,p2_2045_high_mid_REF_high,MGA_0.05_22,max,january_test
5,-0.00025937002,-21.805756,29,p2_2045_high_mid_REF_high,MGA_0.05_22,max,january_test
6,0.0005393259,73.886566,29,p2_2045_high_mid_REF_high,MGA_0.05_22,max,january_test
7,739.99915,46869330.0,29,p2_2045_high_mid_REF_high,MGA_0.05_22,max,january_test
8,5149.998,210985120.0,29,p2_2045_high_mid_REF_high,MGA_0.05_22,max,january_test
9,4149.9873,168676220.0,29,p2_2045_high_mid_REF_high,MGA_0.05_22,max,january_test
10,663.9997599999999,34073812.0,29,p2_2045_high_mid_REF_high,MGA_0.05_22,max,january_test
1,-8.870966999999999e-05,-8.081096,30,p2_2045_high_mid_REF_high,MGA_0.05_16,min,january_test
2,99.99985500000001,9226687.0,30,p2_2045_high_mid_REF_high,MGA_0.05_16,min,january_test
3,1231.8839,107545930.0,30,p2_2045_high_mid_REF_high,MGA_0.05_16,min,january_test
4,1399.9994,146467940.0,30,p2_2045_high_mid_REF_high,MGA_0.05_16,min,january_test
5,2584.5366,217287170.0,30,p2_2045_high_mid_REF_high,MGA_0.05_16,min,january_test
6,-8.896906999999999e-05,-12.188585,30,p2_2045_high_mid_REF_high,MGA_0.05_16,min,january_test
7,739.99994,46869376.0,30,p2_2045_high_mid_REF_high,MGA_0.05_16,min,january_test
8,5150.0,210985200.0,30,p2_2045_high_mid_REF_high,MGA_0.05_16,min,january_test
9,4150.0,168676740.0,30,p2_2045_high_mid_REF_high,MGA_0.05_16,min,january_test
10,664.00006,34073828.0,30,p2_2045_high_mid_REF_high,MGA_0.05_16,min,january_test
1,-3.4909197e-05,-3.1800883,31,p2_2045_high_mid_REF_high,MGA_0.05_14,min,january_test
2,99.99911,9226617.0,31,p2_2045_high_mid_REF_high,MGA_0.05_14,min,january_test
3,265.43793,23173264.0,31,p2_2045_high_mid_REF_high,MGA_0.05_14,min,january_test
4,1252.0539999999999,130989890.0,31,p2_2045_high_mid_REF_high,MGA_0.05_14,min,january_test
5,8394.68,705757500.0,31,p2_2045_high_mid_REF_high,MGA_0.05_14,min,january_test
6,-4.4634664e-05,-6.11486,31,p2_2045_high_mid_REF_high,MGA_0.05_14,min,january_test
7,739.9999,46869372.0,31,p2_2045_high_mid_REF_high,MGA_0.05_14,min,january_test
8,5150.0,210985200.0,31,p2_2045_high_mid_REF_high,MGA_0.05_14,min,january_test
9,4150.0,168676750.0,31,p2_2045_high_mid_REF_high,MGA_0.05_14,min,january_test
10,664.00006,34073828.0,31,p2_2045_high_mid_REF_high,MGA_0.05_14,min,january_test
1,3674.9995,334777760.0,32,p2_2045_high_mid_REF_high,MGA_0.05_17,min,january_test
2,99.99916,9226622.0,32,p2_2045_high_mid_REF_high,MGA_0.05_17,min,january_test
3,3674.9990000000003,320834780.0,32,p2_2045_high_mid_REF_high,MGA_0.05_17,min,january_test
4,1399.9993,146467940.0,32,p2_2045_high_mid_REF_high,MGA_0.05_17,min,january_test
5,-0.00012904734,-10.849269,32,p2_2045_high_mid_REF_high,MGA_0.05_17,min,january_test
6,1277.6274,175032400.0,32,p2_2045_high_mid_REF_high,MGA_0.05_17,min,january_test
7,740.0,46869380.0,32,p2_2045_high_mid_REF_high,MGA_0.05_17,min,january_test
8,5150.0,210985200.0,32,p2_2045_high_mid_REF_high,MGA_0.05_17,min,january_test
9,4149.995,168676540.0,32,p2_2045_high_mid_REF_high,MGA_0.05_17,min,january_test
10,663.99994,34073820.0,32,p2_2045_high_mid_REF_high,MGA_0.05_17,min,january_test
1,3384.4631,308311040.0,33,p2_2045_high_mid_REF_high,MGA_0.05_3,min,january_test
2,99.999535,9226657.0,33,p2_2045_high_mid_REF_high,MGA_0.05_3,min,january_test
3,3172.8132,276992930.0,33,p2_2045_high_mid_REF_high,MGA_0.05_3,min,january_test
4,1399.9971,146467700.0,33,p2_2045_high_mid_REF_high,MGA_0.05_3,min,january_test
5,-7.446431999999999e-05,-6.260364,33,p2_2045_high_mid_REF_high,MGA_0.05_3,min,january_test
6,-4.8129170000000005e-05,-6.593600299999999,33,p2_2045_high_mid_REF_high,MGA_0.05_3,min,january_test
7,739.9999,46869372.0,33,p2_2045_high_mid_REF_high,MGA_0.05_3,min,january_test
8,5149.9995,210985170.0,33,p2_2045_high_mid_REF_high,MGA_0.05_3,min,january_test
9,4149.9995,168676740.0,33,p2_2045_high_mid_REF_high,MGA_0.05_3,min,january_test
10,664.0001,34073828.0,33,p2_2045_high_mid_REF_high,MGA_0.05_3,min,january_test
1,270.64404,24654590.0,34,p2_2045_high_mid_REF_high,MGA_0.05_9,min,january_test
2,99.99993,9226693.0,34,p2_2045_high_mid_REF_high,MGA_0.05_9,min,january_test
3,3674.9998,320834800.0,34,p2_2045_high_mid_REF_high,MGA_0.05_9,min,january_test
4,1399.9999,146467980.0,34,p2_2045_high_mid_REF_high,MGA_0.05_9,min,january_test
5,126.40862,10627426.0,34,p2_2045_high_mid_REF_high,MGA_0.05_9,min,january_test
6,644.5047599999999,88295864.0,34,p2_2045_high_mid_REF_high,MGA_0.05_9,min,january_test
7,740.0,46869380.0,34,p2_2045_high_mid_REF_high,MGA_0.05_9,min,january_test
8,5150.0,210985180.0,34,p2_2045_high_mid_REF_high,MGA_0.05_9,min,january_test
9,4150.0,168676740.0,34,p2_2045_high_mid_REF_high,MGA_0.05_9,min,january_test
10,664.00006,34073824.0,34,p2_2045_high_mid_REF_high,MGA_0.05_9,min,january_test
1,3674.998,334777630.0,35,p2_2045_high_mid_REF_high,MGA_0.05_1,min,january_test
2,99.99788000000001,9226505.0,35,p2_2045_high_mid_REF_high,MGA_0.05_1,min,january_test
3,840.8421599999999,73407210.0,35,p2_2045_high_mid_REF_high,MGA_0.05_1,min,january_test
4,1399.9991,146467920.0,35,p2_2045_high_mid_REF_high,MGA_0.05_1,min,january_test
5,-0.00013373964,-11.243758,35,p2_2045_high_mid_REF_high,MGA_0.05_1,min,january_test
6,1542.1074,211265630.0,35,p2_2045_high_mid_REF_high,MGA_0.05_1,min,january_test
7,740.00006,46869384.0,35,p2_2045_high_mid_REF_high,MGA_0.05_1,min,january_test
8,5150.0,210985180.0,35,p2_2045_high_mid_REF_high,MGA_0.05_1,min,january_test
9,2366.835,96200010.0,35,p2_2045_high_mid_REF_high,MGA_0.05_1,min,january_test
10,664.0001,34073830.0,35,p2_2045_high_mid_REF_high,MGA_0.05_1,min,january_test
1,-0.00015185646999999998,-13.833517,36,p2_2045_high_mid_REF_high,MGA_0.05_6,min,january_test
2,-0.00013868055,-12.795639,36,p2_2045_high_mid_REF_high,MGA_0.05_6,min,january_test
3,3674.9995,320834800.0,36,p2_2045_high_mid_REF_high,MGA_0.05_6,min,january_test
4,-0.00010612708,-11.103015,36,p2_2045_high_mid_REF_high,MGA_0.05_6,min,january_test
5,-0.00011564858999999999,-9.722808,36,p2_2045_high_mid_REF_high,MGA_0.05_6,min,january_test
6,1450.8606,198765010.0,36,p2_2045_high_mid_REF_high,MGA_0.05_6,min,january_test
7,739.9986,46869292.0,36,p2_2045_high_mid_REF_high,MGA_0.05_6,min,january_test
8,5149.9995,210985180.0,36,p2_2045_high_mid_REF_high,MGA_0.05_6,min,january_test
9,4150.0,168676750.0,36,p2_2045_high_mid_REF_high,MGA_0.05_6,min,january_test
10,664.0001,34073830.0,36,p2_2045_high_mid_REF_high,MGA_0.05_6,min,january_test
1,3674.9976,334777570.0,37,p2_2045_high_mid_REF_high,MGA_0.05_5,min,january_test
2,99.99209599999999,9225970.0,37,p2_2045_high_mid_REF_high,MGA_0.05_5,min,january_test
3,3674.9937,320834300.0,37,p2_2045_high_mid_REF_high,MGA_0.05_5,min,january_test
4,-0.00013364233999999998,-13.981663000000001,37,p2_2045_high_mid_REF_high,MGA_0.05_5,min,january_test
5,0.000568966,47.834109999999995,37,p2_2045_high_mid_REF_high,MGA_0.05_5,min,january_test
6,-0.0001686155,-23.099987,37,p2_2045_high_mid_REF_high,MGA_0.05_5,min,january_test
7,739.99994,46869376.0,37,p2_2045_high_mid_REF_high,MGA_0.05_5,min,january_test
8,5149.9927,210984900.0,37,p2_2045_high_mid_REF_high,MGA_0.05_5,min,january_test
9,1298.8024,52789824.0,37,p2_2045_high_mid_REF_high,MGA_0.05_5,min,january_test
10,664.00006,34073828.0,37,p2_2045_high_mid_REF_high,MGA_0.05_5,min,january_test
1,3674.9993,334777730.0,38,p2_2045_high_mid_REF_high,MGA_0.05_18,min,january_test
2,99.9987,9226580.0,38,p2_2045_high_mid_REF_high,MGA_0.05_18,min,january_test
3,-0.00014565198,-12.715709,38,p2_2045_high_mid_REF_high,MGA_0.05_18,min,january_test
4,1399.9999,146467980.0,38,p2_2045_high_mid_REF_high,MGA_0.05_18,min,january_test
5,3230.8086,271620540.0,38,p2_2045_high_mid_REF_high,MGA_0.05_18,min,january_test
6,1775.4089,243227470.0,38,p2_2045_high_mid_REF_high,MGA_0.05_18,min,january_test
7,740.0002,46869390.0,38,p2_2045_high_mid_REF_high,MGA_0.05_18,min,january_test
8,5149.9995,210985180.0,38,p2_2045_high_mid_REF_high,MGA_0.05_18,min,january_test
9,924.2947,37567956.0,38,p2_2045_high_mid_REF_high,MGA_0.05_18,min,january_test
10,664.0002,34073830.0,38,p2_2045_high_mid_REF_high,MGA_0.05_18,min,january_test
1,-0.00020888002,-19.028135,39,p2_2045_high_mid_REF_high,MGA_0.05_10,min,january_test
2,99.99956999999999,9226660.0,39,p2_2045_high_mid_REF_high,MGA_0.05_10,min,january_test
3,168.95973,14750522.0,39,p2_2045_high_mid_REF_high,MGA_0.05_10,min,january_test
4,1399.9984,146467840.0,39,p2_2045_high_mid_REF_high,MGA_0.05_10,min,january_test
5,0.0001416332,11.907386,39,p2_2045_high_mid_REF_high,MGA_0.05_10,min,january_test
6,-2.5046129e-05,-3.4312693999999997,39,p2_2045_high_mid_REF_high,MGA_0.05_10,min,january_test
7,739.99994,46869376.0,39,p2_2045_high_mid_REF_high,MGA_0.05_10,min,january_test
8,5150.0,210985200.0,39,p2_2045_high_mid_REF_high,MGA_0.05_10,min,january_test
9,4149.9966,168676600.0,39,p2_2045_high_mid_REF_high,MGA_0.05_10,min,january_test
10,664.0002,34073830.0,39,p2_2045_high_mid_REF_high,MGA_0.05_10,min,january_test
1,3674.9993,334777730.0,40,p2_2045_high_mid_REF_high,MGA_0.05_15,min,january_test
2,99.99984,9226685.0,40,p2_2045_high_mid_REF_high,MGA_0.05_15,min,january_test
3,1673.0674,146062130.0,40,p2_2045_high_mid_REF_high,MGA_0.05_15,min,january_test
4,-1.646807e-05,-1.7228894000000001,40,p2_2045_high_mid_REF_high,MGA_0.05_15,min,january_test
5,-1.2663182e-05,-1.0646191,40,p2_2045_high_mid_REF_high,MGA_0.05_15,min,january_test
6,-9.694647e-06,-1.3281473,40,p2_2045_high_mid_REF_high,MGA_0.05_15,min,january_test
7,739.99927,46869332.0,40,p2_2045_high_mid_REF_high,MGA_0.05_15,min,january_test
8,5150.0,210985200.0,40,p2_2045_high_mid_REF_high,MGA_0.05_15,min,january_test
9,4150.0,168676750.0,40,p2_2045_high_mid_REF_high,MGA_0.05_15,min,january_test
10,664.0,34073824.0,40,p2_2045_high_mid_REF_high,MGA_0.05_15,min,january_test
1,-9.1722824e-05,-8.355583,41,p2_2045_high_mid_REF_high,MGA_0.05_19,min,january_test
2,99.99993,9226693.0,41,p2_2045_high_mid_REF_high,MGA_0.05_19,min,january_test
3,3674.9998,320834800.0,41,p2_2045_high_mid_REF_high,MGA_0.05_19,min,january_test
4,1399.9979,146467790.0,41,p2_2045_high_mid_REF_high,MGA_0.05_19,min,january_test
5,10463.999,879729300.0,41,p2_2045_high_mid_REF_high,MGA_0.05_19,min,january_test
6,612.6663,83934060.0,41,p2_2045_high_mid_REF_high,MGA_0.05_19,min,january_test
7,740.0002,46869390.0,41,p2_2045_high_mid_REF_high,MGA_0.05_19,min,january_test
8,5149.9995,210985170.0,41,p2_2045_high_mid_REF_high,MGA_0.05_19,min,january_test
9,4150.0,168676750.0,41,p2_2045_high_mid_REF_high,MGA_0.05_19,min,january_test
10,664.0002,34073830.0,41,p2_2045_high_mid_REF_high,MGA_0.05_19,min,january_test
1,-6.779143400000001e-06,-0.6175528,42,p2_2045_high_mid_REF_high,MGA_0.05_11,min,january_test
2,99.99965,9226668.0,42,p2_2045_high_mid_REF_high,MGA_0.05_11,min,january_test
3,105.23298999999999,9187050.0,42,p2_2045_high_mid_REF_high,MGA_0.05_11,min,january_test
4,1399.9996,146467970.0,42,p2_2045_high_mid_REF_high,MGA_0.05_11,min,january_test
5,1987.7561,167114640.0,42,p2_2045_high_mid_REF_high,MGA_0.05_11,min,january_test
6,-1.6223621e-05,-2.2226037999999995,42,p2_2045_high_mid_REF_high,MGA_0.05_11,min,january_test
7,740.0,46869380.0,42,p2_2045_high_mid_REF_high,MGA_0.05_11,min,january_test
8,5150.0,210985200.0,42,p2_2045_high_mid_REF_high,MGA_0.05_11,min,january_test
9,3778.9390000000003,153594980.0,42,p2_2045_high_mid_REF_high,MGA_0.05_11,min,january_test
10,664.0,34073824.0,42,p2_2045_high_mid_REF_high,MGA_0.05_11,min,january_test
1,3674.995,334777380.0,43,p2_2045_high_mid_REF_high,MGA_0.05_8,min,january_test
2,99.99983,9226685.0,43,p2_2045_high_mid_REF_high,MGA_0.05_8,min,january_test
3,424.90542999999997,37095092.0,43,p2_2045_high_mid_REF_high,MGA_0.05_8,min,january_test
4,1399.9979999999998,146467790.0,43,p2_2045_high_mid_REF_high,MGA_0.05_8,min,january_test
5,-1.0561891e-05,-0.8879593000000001,43,p2_2045_high_mid_REF_high,MGA_0.05_8,min,january_test
6,-0.00013743294,-18.828037,43,p2_2045_high_mid_REF_high,MGA_0.05_8,min,january_test
7,739.99994,46869376.0,43,p2_2045_high_mid_REF_high,MGA_0.05_8,min,january_test
8,5150.0,210985200.0,43,p2_2045_high_mid_REF_high,MGA_0.05_8,min,january_test
9,2940.2563,119506720.0,43,p2_2045_high_mid_REF_high,MGA_0.05_8,min,january_test
10,664.0001,34073830.0,43,p2_2045_high_mid_REF_high,MGA_0.05_8,min,january_test
1,-0.00028257098,-25.741087,44,p2_2045_high_mid_REF_high,MGA_0.05_2,min,january_test
2,99.99976,9226678.0,44,p2_2045_high_mid_REF_high,MGA_0.05_2,min,january_test
3,165.91043,14484312.0,44,p2_2045_high_mid_REF_high,MGA_0.05_2,min,january_test
4,1399.9991,146467900.0,44,p2_2045_high_mid_REF_high,MGA_0.05_2,min,january_test
5,421.41475999999994,35429184.0,44,p2_2045_high_mid_REF_high,MGA_0.05_2,min,january_test
6,-0.00030289625,-41.496179999999995,44,p2_2045_high_mid_REF_high,MGA_0.05_2,min,january_test
7,740.0,46869380.0,44,p2_2045_high_mid_REF_high,MGA_0.05_2,min,january_test
8,5149.9995,210985170.0,44,p2_2045_high_mid_REF_high,MGA_0.05_2,min,january_test
9,2310.874,93925470.0,44,p2_2045_high_mid_REF_high,MGA_0.05_2,min,january_test
10,664.0002400000001,34073836.0,44,p2_2045_high_mid_REF_high,MGA_0.05_2,min,january_test
1,1986.2546,180939860.0,45,p2_2045_high_mid_REF_high,MGA_0.05_12,min,january_test
2,99.99764,9226483.0,45,p2_2045_high_mid_REF_high,MGA_0.05_12,min,january_test
3,3674.9958,320834500.0,45,p2_2045_high_mid_REF_high,MGA_0.05_12,min,january_test
4,324.6211,33961856.0,45,p2_2045_high_mid_REF_high,MGA_0.05_12,min,january_test
5,-5.4446555e-05,-4.5774307,45,p2_2045_high_mid_REF_high,MGA_0.05_12,min,january_test
6,1.5999605e-05,2.1919138,45,p2_2045_high_mid_REF_high,MGA_0.05_12,min,january_test
7,739.99994,46869376.0,45,p2_2045_high_mid_REF_high,MGA_0.05_12,min,january_test
8,2925.136,119836970.0,45,p2_2045_high_mid_REF_high,MGA_0.05_12,min,january_test
9,1615.1370000000002,65647244.0,45,p2_2045_high_mid_REF_high,MGA_0.05_12,min,january_test
10,663.99994,34073820.0,45,p2_2045_high_mid_REF_high,MGA_0.05_12,min,january_test
1,609.1764,55493536.0,46,p2_2045_high_mid_REF_high,MGA_0.05_4,min,january_test
2,99.99691,9226415.0,46,p2_2045_high_mid_REF_high,MGA_0.05_4,min,january_test
3,764.27716,66722924.0,46,p2_2045_high_mid_REF_high,MGA_0.05_4,min,january_test
4,619.4358,64805372.0,46,p2_2045_high_mid_REF_high,MGA_0.05_4,min,january_test
5,10463.998,879729200.0,46,p2_2045_high_mid_REF_high,MGA_0.05_4,min,january_test
6,-0.0002151477,-29.474804,46,p2_2045_high_mid_REF_high,MGA_0.05_4,min,january_test
7,740.0002,46869390.0,46,p2_2045_high_mid_REF_high,MGA_0.05_4,min,january_test
8,5149.9897,210984780.0,46,p2_2045_high_mid_REF_high,MGA_0.05_4,min,january_test
9,4150.0,168676750.0,46,p2_2045_high_mid_REF_high,MGA_0.05_4,min,january_test
10,664.0002,34073836.0,46,p2_2045_high_mid_REF_high,MGA_0.05_4,min,january_test
1,3674.9993,334777730.0,47,p2_2045_high_mid_REF_high,MGA_0.05_7,min,january_test
2,99.99925,9226631.0,47,p2_2045_high_mid_REF_high,MGA_0.05_7,min,january_test
3,2423.609,211585900.0,47,p2_2045_high_mid_REF_high,MGA_0.05_7,min,january_test
4,1399.9967,146467650.0,47,p2_2045_high_mid_REF_high,MGA_0.05_7,min,january_test
5,-0.00011748241000000001,-9.876980999999999,47,p2_2045_high_mid_REF_high,MGA_0.05_7,min,january_test
6,2190.4387,300085730.0,47,p2_2045_high_mid_REF_high,MGA_0.05_7,min,january_test
7,739.99994,46869376.0,47,p2_2045_high_mid_REF_high,MGA_0.05_7,min,january_test
8,5150.0,210985200.0,47,p2_2045_high_mid_REF_high,MGA_0.05_7,min,january_test
9,4150.0,168676750.0,47,p2_2045_high_mid_REF_high,MGA_0.05_7,min,january_test
10,664.0001,34073830.0,47,p2_2045_high_mid_REF_high,MGA_0.05_7,min,january_test
1,3674.9866,334776580.0,48,p2_2045_high_mid_REF_high,MGA_0.05_13,min,january_test
2,-7.2544506e-05,-6.6934643,48,p2_2045_high_mid_REF_high,MGA_0.05_13,min,january_test
3,1778.3839,155256460.0,48,p2_2045_high_mid_REF_high,MGA_0.05_13,min,january_test
4,1399.9989,146467890.0,48,p2_2045_high_mid_REF_high,MGA_0.05_13,min,january_test
5,-6.893798000000001e-05,-5.7957540000000005,48,p2_2045_high_mid_REF_high,MGA_0.05_13,min,january_test
6,-2.1481477e-05,-2.9429195,48,p2_2045_high_mid_REF_high,MGA_0.05_13,min,january_test
7,739.99994,46869376.0,48,p2_2045_high_mid_REF_high,MGA_0.05_13,min,january_test
8,5149.9995,210985180.0,48,p2_2045_high_mid_REF_high,MGA_0.05_13,min,january_test
9,776.5801,31564098.0,48,p2_2045_high_mid_REF_high,MGA_0.05_13,min,january_test
10,664.0,34073824.0,48,p2_2045_high_mid_REF_high,MGA_0.05_13,min,january_test
1,-0.00032175644,-29.310726000000003,1,p7_2045_high_low_REF_high,MGA_0.05_16,max,january_test
2,99.99857,9226568.0,1,p7_2045_high_low_REF_high,MGA_0.05_16,max,january_test
3,722.0012,63032150.0,1,p7_2045_high_low_REF_high,MGA_0.05_16,max,january_test
4,1399.9968,146467660.0,1,p7_2045_high_low_REF_high,MGA_0.05_16,max,january_test
5,10463.995,879728960.0,1,p7_2045_high_low_REF_high,MGA_0.05_16,max,january_test
6,-0.000317651,-43.51755,1,p7_2045_high_low_REF_high,MGA_0.05_16,max,january_test
7,739.9997,46869360.0,1,p7_2045_high_low_REF_high,MGA_0.05_16,max,january_test
8,5150.0,210985200.0,1,p7_2045_high_low_REF_high,MGA_0.05_16,max,january_test
9,4149.9966,168676620.0,1,p7_2045_high_low_REF_high,MGA_0.05_16,max,january_test
10,664.0002400000001,34073836.0,1,p7_2045_high_low_REF_high,MGA_0.05_16,max,january_test
1,-0.00041251422999999995,-37.578396000000005,2,p7_2045_high_low_REF_high,MGA_0.05_14,max,january_test
2,99.998886,9226597.0,2,p7_2045_high_low_REF_high,MGA_0.05_14,max,january_test
3,5.561491,485529.28,2,p7_2045_high_low_REF_high,MGA_0.05_14,max,january_test
4,1399.9945,146467420.0,2,p7_2045_high_low_REF_high,MGA_0.05_14,max,january_test
5,-0.00040397117999999997,-33.962666,2,p7_2045_high_low_REF_high,MGA_0.05_14,max,january_test
6,-0.00041627312999999996,-57.028587,2,p7_2045_high_low_REF_high,MGA_0.05_14,max,january_test
7,739.99963,46869356.0,2,p7_2045_high_low_REF_high,MGA_0.05_14,max,january_test
8,5150.0,210985220.0,2,p7_2045_high_low_REF_high,MGA_0.05_14,max,january_test
9,4149.9995,168676740.0,2,p7_2045_high_low_REF_high,MGA_0.05_14,max,january_test
10,664.00037,34073844.0,2,p7_2045_high_low_REF_high,MGA_0.05_14,max,january_test
1,3674.9966,334777500.0,3,p7_2045_high_low_REF_high,MGA_0.05_17,max,january_test
2,99.99584,9226316.0,3,p7_2045_high_low_REF_high,MGA_0.05_17,max,january_test
3,3674.9756,320832740.0,3,p7_2045_high_low_REF_high,MGA_0.05_17,max,january_test
4,293.47913,30703786.0,3,p7_2045_high_low_REF_high,MGA_0.05_17,max,january_test
5,-0.00019927697,-16.753613,3,p7_2045_high_low_REF_high,MGA_0.05_17,max,january_test
6,-0.00020014012,-27.418796999999998,3,p7_2045_high_low_REF_high,MGA_0.05_17,max,january_test
7,739.99945,46869348.0,3,p7_2045_high_low_REF_high,MGA_0.05_17,max,january_test
8,5150.0,210985180.0,3,p7_2045_high_low_REF_high,MGA_0.05_17,max,january_test
9,4149.9995,168676740.0,3,p7_2045_high_low_REF_high,MGA_0.05_17,max,january_test
10,664.0002,34073830.0,3,p7_2045_high_low_REF_high,MGA_0.05_17,max,january_test
1,3674.993,334777150.0,4,p7_2045_high_low_REF_high,MGA_0.05_3,max,january_test
2,99.99968,9226670.0,4,p7_2045_high_low_REF_high,MGA_0.05_3,max,january_test
3,1246.8391,108851544.0,4,p7_2045_high_low_REF_high,MGA_0.05_3,max,january_test
4,381.22382000000005,39883636.0,4,p7_2045_high_low_REF_high,MGA_0.05_3,max,january_test
5,858.044,72137470.0,4,p7_2045_high_low_REF_high,MGA_0.05_3,max,january_test
6,-9.933157e-06,-1.3608227,4,p7_2045_high_low_REF_high,MGA_0.05_3,max,january_test
7,739.9997,46869360.0,4,p7_2045_high_low_REF_high,MGA_0.05_3,max,january_test
8,5150.0,210985200.0,4,p7_2045_high_low_REF_high,MGA_0.05_3,max,january_test
9,-0.00018318050999999999,-7.4453716,4,p7_2045_high_low_REF_high,MGA_0.05_3,max,january_test
10,664.0,34073824.0,4,p7_2045_high_low_REF_high,MGA_0.05_3,max,january_test
1,43.641693,3975583.8,5,p7_2045_high_low_REF_high,MGA_0.05_9,max,january_test
2,99.99986,9226688.0,5,p7_2045_high_low_REF_high,MGA_0.05_9,max,january_test
3,7.083894e-05,6.184381,5,p7_2045_high_low_REF_high,MGA_0.05_9,max,january_test
4,1399.9993,146467920.0,5,p7_2045_high_low_REF_high,MGA_0.05_9,max,january_test
5,10463.999,879729300.0,5,p7_2045_high_low_REF_high,MGA_0.05_9,max,january_test
6,16.422615,2249865.2,5,p7_2045_high_low_REF_high,MGA_0.05_9,max,january_test
7,739.99963,46869356.0,5,p7_2045_high_low_REF_high,MGA_0.05_9,max,january_test
8,5150.0,210985200.0,5,p7_2045_high_low_REF_high,MGA_0.05_9,max,january_test
9,1273.5515,51763504.0,5,p7_2045_high_low_REF_high,MGA_0.05_9,max,january_test
10,663.9998,34073816.0,5,p7_2045_high_low_REF_high,MGA_0.05_9,max,january_test
1,3674.9856,334776500.0,6,p7_2045_high_low_REF_high,MGA_0.05_1,max,january_test
2,99.998924,9226600.0,6,p7_2045_high_low_REF_high,MGA_0.05_1,max,january_test
3,-0.00027350782,-23.877779999999998,6,p7_2045_high_low_REF_high,MGA_0.05_1,max,january_test
4,1399.9943,146467400.0,6,p7_2045_high_low_REF_high,MGA_0.05_1,max,january_test
5,0.0006017617400000001,50.591316,6,p7_2045_high_low_REF_high,MGA_0.05_1,max,january_test
6,-0.0002726041,-37.346222,6,p7_2045_high_low_REF_high,MGA_0.05_1,max,january_test
7,739.99994,46869376.0,6,p7_2045_high_low_REF_high,MGA_0.05_1,max,january_test
8,5150.0,210985200.0,6,p7_2045_high_low_REF_high,MGA_0.05_1,max,january_test
9,4149.9966,168676600.0,6,p7_2045_high_low_REF_high,MGA_0.05_1,max,january_test
10,664.0002400000001,34073836.0,6,p7_2045_high_low_REF_high,MGA_0.05_1,max,january_test
1,1907.9185,173803740.0,7,p7_2045_high_low_REF_high,MGA_0.05_23,max,january_test
2,99.99122,9225890.0,7,p7_2045_high_low_REF_high,MGA_0.05_23,max,january_test
3,-0.00038391075,-33.516174,7,p7_2045_high_low_REF_high,MGA_0.05_23,max,january_test
4,780.5707,81663304.0,7,p7_2045_high_low_REF_high,MGA_0.05_23,max,january_test
5,-0.0003589068,-30.174013000000002,7,p7_2045_high_low_REF_high,MGA_0.05_23,max,january_test
6,0.008867433000000001,1214.8206,7,p7_2045_high_low_REF_high,MGA_0.05_23,max,january_test
7,739.9992,46869332.0,7,p7_2045_high_low_REF_high,MGA_0.05_23,max,january_test
8,5149.9995,210985180.0,7,p7_2045_high_low_REF_high,MGA_0.05_23,max,january_test
9,636.5067,25870816.0,7,p7_2045_high_low_REF_high,MGA_0.05_23,max,january_test
10,663.9999,34073820.0,7,p7_2045_high_low_REF_high,MGA_0.05_23,max,january_test
1,0.00023913743,21.784464,8,p7_2045_high_low_REF_high,MGA_0.05_26,max,january_test
2,99.99920999999999,9226627.0,8,p7_2045_high_low_REF_high,MGA_0.05_26,max,january_test
3,0.00022114645000000002,19.306528,8,p7_2045_high_low_REF_high,MGA_0.05_26,max,january_test
4,1212.9999,126904050.0,8,p7_2045_high_low_REF_high,MGA_0.05_26,max,january_test
5,10463.989,879728500.0,8,p7_2045_high_low_REF_high,MGA_0.05_26,max,january_test
6,-0.00038888237999999995,-53.276107999999994,8,p7_2045_high_low_REF_high,MGA_0.05_26,max,january_test
7,739.9997599999999,46869364.0,8,p7_2045_high_low_REF_high,MGA_0.05_26,max,january_test
8,5150.0,210985200.0,8,p7_2045_high_low_REF_high,MGA_0.05_26,max,january_test
9,4149.995,168676560.0,8,p7_2045_high_low_REF_high,MGA_0.05_26,max,january_test
10,664.0003,34073840.0,8,p7_2045_high_low_REF_high,MGA_0.05_26,max,january_test
1,213.29175,19430024.0,9,p7_2045_high_low_REF_high,MGA_0.05_6,max,january_test
2,99.99978,9226680.0,9,p7_2045_high_low_REF_high,MGA_0.05_6,max,january_test
3,1052.2162,91860584.0,9,p7_2045_high_low_REF_high,MGA_0.05_6,max,january_test
4,1399.9988,146467870.0,9,p7_2045_high_low_REF_high,MGA_0.05_6,max,january_test
5,10463.9795,879727700.0,9,p7_2045_high_low_REF_high,MGA_0.05_6,max,january_test
6,66.42149,9099612.0,9,p7_2045_high_low_REF_high,MGA_0.05_6,max,january_test
7,740.00006,46869384.0,9,p7_2045_high_low_REF_high,MGA_0.05_6,max,january_test
8,5150.0,210985200.0,9,p7_2045_high_low_REF_high,MGA_0.05_6,max,january_test
9,3184.4163,129430600.0,9,p7_2045_high_low_REF_high,MGA_0.05_6,max,january_test
10,664.0002,34073830.0,9,p7_2045_high_low_REF_high,MGA_0.05_6,max,january_test
1,3481.7815,317176400.0,10,p7_2045_high_low_REF_high,MGA_0.05_5,max,january_test
2,99.99999,9226699.0,10,p7_2045_high_low_REF_high,MGA_0.05_5,max,january_test
3,3674.9724,320832450.0,10,p7_2045_high_low_REF_high,MGA_0.05_5,max,january_test
4,1399.9972,146467710.0,10,p7_2045_high_low_REF_high,MGA_0.05_5,max,january_test
5,-0.00037560053,-31.577488,10,p7_2045_high_low_REF_high,MGA_0.05_5,max,january_test
6,-0.00037824252,-51.81847,10,p7_2045_high_low_REF_high,MGA_0.05_5,max,january_test
7,739.99994,46869376.0,10,p7_2045_high_low_REF_high,MGA_0.05_5,max,january_test
8,5150.0,210985200.0,10,p7_2045_high_low_REF_high,MGA_0.05_5,max,january_test
9,4149.9985,168676690.0,10,p7_2045_high_low_REF_high,MGA_0.05_5,max,january_test
10,664.00037,34073844.0,10,p7_2045_high_low_REF_high,MGA_0.05_5,max,january_test
1,-0.00046811375,-42.64329,11,p7_2045_high_low_REF_high,MGA_0.05_24,max,january_test
2,-0.0003648554,-33.664112,11,p7_2045_high_low_REF_high,MGA_0.05_24,max,january_test
3,-0.00041784864,-36.479023,11,p7_2045_high_low_REF_high,MGA_0.05_24,max,january_test
4,-0.00046651839999999994,-48.807156,11,p7_2045_high_low_REF_high,MGA_0.05_24,max,january_test
5,2528.996,212617760.0,11,p7_2045_high_low_REF_high,MGA_0.05_24,max,january_test
6,-0.0004655903599999999,-63.784946,11,p7_2045_high_low_REF_high,MGA_0.05_24,max,january_test
7,739.9999,46869372.0,11,p7_2045_high_low_REF_high,MGA_0.05_24,max,january_test
8,3534.9067,144818060.0,11,p7_2045_high_low_REF_high,MGA_0.05_24,max,january_test
9,4150.0005,168676770.0,11,p7_2045_high_low_REF_high,MGA_0.05_24,max,january_test
10,664.00037,34073844.0,11,p7_2045_high_low_REF_high,MGA_0.05_24,max,january_test
1,3674.9990000000003,334777700.0,12,p7_2045_high_low_REF_high,MGA_0.05_18,max,january_test
2,99.99928,9226634.0,12,p7_2045_high_low_REF_high,MGA_0.05_18,max,january_test
3,191.87187,16750798.0,12,p7_2045_high_low_REF_high,MGA_0.05_18,max,january_test
4,1399.9967,146467650.0,12,p7_2045_high_low_REF_high,MGA_0.05_18,max,january_test
5,-0.0002481584,-20.863174,12,p7_2045_high_low_REF_high,MGA_0.05_18,max,january_test
6,2857.9927,391539260.0,12,p7_2045_high_low_REF_high,MGA_0.05_18,max,january_test
7,740.0001,46869384.0,12,p7_2045_high_low_REF_high,MGA_0.05_18,max,january_test
8,5150.0,210985180.0,12,p7_2045_high_low_REF_high,MGA_0.05_18,max,january_test
9,4150.0,168676750.0,12,p7_2045_high_low_REF_high,MGA_0.05_18,max,january_test
10,664.0002400000001,34073836.0,12,p7_2045_high_low_REF_high,MGA_0.05_18,max,january_test
1,-0.0003154438,-28.735666,13,p7_2045_high_low_REF_high,MGA_0.05_10,max,january_test
2,99.99685,9226409.0,13,p7_2045_high_low_REF_high,MGA_0.05_10,max,january_test
3,2867.7634,250361470.0,13,p7_2045_high_low_REF_high,MGA_0.05_10,max,january_test
4,817.6284,85540290.0,13,p7_2045_high_low_REF_high,MGA_0.05_10,max,january_test
5,-0.00029888455,-25.127823,13,p7_2045_high_low_REF_high,MGA_0.05_10,max,january_test
6,-0.00033755106,-46.24382,13,p7_2045_high_low_REF_high,MGA_0.05_10,max,january_test
7,739.993,46868936.0,13,p7_2045_high_low_REF_high,MGA_0.05_10,max,january_test
8,5150.0,210985220.0,13,p7_2045_high_low_REF_high,MGA_0.05_10,max,january_test
9,4149.999,168676700.0,13,p7_2045_high_low_REF_high,MGA_0.05_10,max,january_test
10,664.00006,34073824.0,13,p7_2045_high_low_REF_high,MGA_0.05_10,max,january_test
1,847.6598,77218420.0,14,p7_2045_high_low_REF_high,MGA_0.05_27,max,january_test
2,99.99427,9226171.0,14,p7_2045_high_low_REF_high,MGA_0.05_27,max,january_test
3,3674.9983,320834720.0,14,p7_2045_high_low_REF_high,MGA_0.05_27,max,january_test
4,-0.00028111585,-29.410341,14,p7_2045_high_low_REF_high,MGA_0.05_27,max,january_test
5,-0.00028847865,-24.252976999999998,14,p7_2045_high_low_REF_high,MGA_0.05_27,max,january_test
6,-0.00024609387,-33.714366999999996,14,p7_2045_high_low_REF_high,MGA_0.05_27,max,january_test
7,739.99945,46869344.0,14,p7_2045_high_low_REF_high,MGA_0.05_27,max,january_test
8,5149.9985,210985140.0,14,p7_2045_high_low_REF_high,MGA_0.05_27,max,january_test
9,2598.3423,105609620.0,14,p7_2045_high_low_REF_high,MGA_0.05_27,max,january_test
10,663.9999,34073816.0,14,p7_2045_high_low_REF_high,MGA_0.05_27,max,january_test
1,-0.00011888186000000002,-10.829661,15,p7_2045_high_low_REF_high,MGA_0.05_20,max,january_test
2,99.9977,9226488.0,15,p7_2045_high_low_REF_high,MGA_0.05_20,max,january_test
3,-0.00012234078999999999,-10.680595,15,p7_2045_high_low_REF_high,MGA_0.05_20,max,january_test
4,1399.9945,146467420.0,15,p7_2045_high_low_REF_high,MGA_0.05_20,max,january_test
5,-0.00011362991000000002,-9.553094,15,p7_2045_high_low_REF_high,MGA_0.05_20,max,january_test
6,-0.00011972745,-16.402422,15,p7_2045_high_low_REF_high,MGA_0.05_20,max,january_test
7,739.9997599999999,46869364.0,15,p7_2045_high_low_REF_high,MGA_0.05_20,max,january_test
8,5150.0,210985200.0,15,p7_2045_high_low_REF_high,MGA_0.05_20,max,january_test
9,4149.997,168676620.0,15,p7_2045_high_low_REF_high,MGA_0.05_20,max,january_test
10,664.0001,34073828.0,15,p7_2045_high_low_REF_high,MGA_0.05_20,max,january_test
1,3674.9807,334776030.0,16,p7_2045_high_low_REF_high,MGA_0.05_15,max,january_test
2,99.99951999999999,9226655.0,16,p7_2045_high_low_REF_high,MGA_0.05_15,max,january_test
3,0.0010235163,89.35503,16,p7_2045_high_low_REF_high,MGA_0.05_15,max,january_test
4,1399.9993,146467920.0,16,p7_2045_high_low_REF_high,MGA_0.05_15,max,january_test
5,6056.839,509210560.0,16,p7_2045_high_low_REF_high,MGA_0.05_15,max,january_test
6,-0.00022428004000000002,-30.725918,16,p7_2045_high_low_REF_high,MGA_0.05_15,max,january_test
7,740.00006,46869384.0,16,p7_2045_high_low_REF_high,MGA_0.05_15,max,january_test
8,5150.0,210985200.0,16,p7_2045_high_low_REF_high,MGA_0.05_15,max,january_test
9,828.1197,33658924.0,16,p7_2045_high_low_REF_high,MGA_0.05_15,max,january_test
10,664.0001,34073830.0,16,p7_2045_high_low_REF_high,MGA_0.05_15,max,january_test
1,-0.00026552688,-24.188437,17,p7_2045_high_low_REF_high,MGA_0.05_19,max,january_test
2,99.99993,9226694.0,17,p7_2045_high_low_REF_high,MGA_0.05_19,max,january_test
3,3674.9883,320833820.0,17,p7_2045_high_low_REF_high,MGA_0.05_19,max,january_test
4,1399.999,146467890.0,17,p7_2045_high_low_REF_high,MGA_0.05_19,max,january_test
5,-0.00027009667000000003,-22.707567,17,p7_2045_high_low_REF_high,MGA_0.05_19,max,january_test
6,448.9291,61502390.0,17,p7_2045_high_low_REF_high,MGA_0.05_19,max,january_test
7,740.0002400000001,46869396.0,17,p7_2045_high_low_REF_high,MGA_0.05_19,max,january_test
8,5150.0,210985200.0,17,p7_2045_high_low_REF_high,MGA_0.05_19,max,january_test
9,3888.3733,158042930.0,17,p7_2045_high_low_REF_high,MGA_0.05_19,max,january_test
10,664.0002400000001,34073836.0,17,p7_2045_high_low_REF_high,MGA_0.05_19,max,january_test
1,-0.0003998735,-36.426876,18,p7_2045_high_low_REF_high,MGA_0.05_25,max,january_test
2,99.993385,9226089.0,18,p7_2045_high_low_REF_high,MGA_0.05_25,max,january_test
3,596.2643,52055064.0,18,p7_2045_high_low_REF_high,MGA_0.05_25,max,january_test
4,1399.9886,146466820.0,18,p7_2045_high_low_REF_high,MGA_0.05_25,max,january_test
5,-0.0003834404,-32.236603,18,p7_2045_high_low_REF_high,MGA_0.05_25,max,january_test
6,-0.0003991519,-54.683014,18,p7_2045_high_low_REF_high,MGA_0.05_25,max,january_test
7,739.9986,46869292.0,18,p7_2045_high_low_REF_high,MGA_0.05_25,max,january_test
8,5150.0,210985220.0,18,p7_2045_high_low_REF_high,MGA_0.05_25,max,january_test
9,4149.985,168676130.0,18,p7_2045_high_low_REF_high,MGA_0.05_25,max,january_test
10,664.00037,34073844.0,18,p7_2045_high_low_REF_high,MGA_0.05_25,max,january_test
1,-0.00032889513999999993,-29.961033,19,p7_2045_high_low_REF_high,MGA_0.05_28,max,january_test
2,99.99991999999999,9226693.0,19,p7_2045_high_low_REF_high,MGA_0.05_28,max,january_test
3,-0.00033948733,-29.637923999999998,19,p7_2045_high_low_REF_high,MGA_0.05_28,max,january_test
4,1399.999,146467900.0,19,p7_2045_high_low_REF_high,MGA_0.05_28,max,january_test
5,0.0005925387999999999,49.81592,19,p7_2045_high_low_REF_high,MGA_0.05_28,max,january_test
6,-0.00036316644,-49.753075,19,p7_2045_high_low_REF_high,MGA_0.05_28,max,january_test
7,740.0002400000001,46869396.0,19,p7_2045_high_low_REF_high,MGA_0.05_28,max,january_test
8,5150.0,210985220.0,19,p7_2045_high_low_REF_high,MGA_0.05_28,max,january_test
9,2794.013,113562660.0,19,p7_2045_high_low_REF_high,MGA_0.05_28,max,january_test
10,664.00037,34073840.0,19,p7_2045_high_low_REF_high,MGA_0.05_28,max,january_test
1,2883.934,262714850.0,20,p7_2045_high_low_REF_high,MGA_0.05_29,max,january_test
2,99.99785,9226502.0,20,p7_2045_high_low_REF_high,MGA_0.05_29,max,january_test
3,1748.4979,152647360.0,20,p7_2045_high_low_REF_high,MGA_0.05_29,max,january_test
4,1399.9988,146467870.0,20,p7_2045_high_low_REF_high,MGA_0.05_29,max,january_test
5,-0.00031075842,-26.126082999999998,20,p7_2045_high_low_REF_high,MGA_0.05_29,max,january_test
6,373.11593999999997,51116136.0,20,p7_2045_high_low_REF_high,MGA_0.05_29,max,january_test
7,739.9998,46869370.0,20,p7_2045_high_low_REF_high,MGA_0.05_29,max,january_test
8,5150.0,210985220.0,20,p7_2045_high_low_REF_high,MGA_0.05_29,max,january_test
9,197.01672,8007744.5,20,p7_2045_high_low_REF_high,MGA_0.05_29,max,january_test
10,664.0,34073824.0,20,p7_2045_high_low_REF_high,MGA_0.05_29,max,january_test
1,1528.9696,139283020.0,21,p7_2045_high_low_REF_high,MGA_0.05_11,max,january_test
2,99.9992,9226626.0,21,p7_2045_high_low_REF_high,MGA_0.05_11,max,january_test
3,127.10811000000001,11096792.0,21,p7_2045_high_low_REF_high,MGA_0.05_11,max,january_test
4,-0.00031516709999999997,-32.972782,21,p7_2045_high_low_REF_high,MGA_0.05_11,max,january_test
5,-0.00033172578,-27.888851000000003,21,p7_2045_high_low_REF_high,MGA_0.05_11,max,january_test
6,-0.00032571136000000004,-44.621803,21,p7_2045_high_low_REF_high,MGA_0.05_11,max,january_test
7,739.9936,46868976.0,21,p7_2045_high_low_REF_high,MGA_0.05_11,max,january_test
8,5150.0,210985200.0,21,p7_2045_high_low_REF_high,MGA_0.05_11,max,january_test
9,4149.999,168676700.0,21,p7_2045_high_low_REF_high,MGA_0.05_11,max,january_test
10,664.0001,34073830.0,21,p7_2045_high_low_REF_high,MGA_0.05_11,max,january_test
1,2962.0422,269830200.0,22,p7_2045_high_low_REF_high,MGA_0.05_8,max,january_test
2,-0.00027573152,-25.440920000000002,22,p7_2045_high_low_REF_high,MGA_0.05_8,max,january_test
3,3051.103,266367410.0,22,p7_2045_high_low_REF_high,MGA_0.05_8,max,january_test
4,1399.9963,146467620.0,22,p7_2045_high_low_REF_high,MGA_0.05_8,max,january_test
5,8229.255,691849900.0,22,p7_2045_high_low_REF_high,MGA_0.05_8,max,january_test
6,-0.000287538,-39.39213,22,p7_2045_high_low_REF_high,MGA_0.05_8,max,january_test
7,740.00006,46869384.0,22,p7_2045_high_low_REF_high,MGA_0.05_8,max,january_test
8,5150.0,210985200.0,22,p7_2045_high_low_REF_high,MGA_0.05_8,max,january_test
9,4149.9995,168676740.0,22,p7_2045_high_low_REF_high,MGA_0.05_8,max,january_test
10,664.0002400000001,34073836.0,22,p7_2045_high_low_REF_high,MGA_0.05_8,max,january_test
1,3497.6577,318622620.0,23,p7_2045_high_low_REF_high,MGA_0.05_21,max,january_test
2,100.0002,9226718.0,23,p7_2045_high_low_REF_high,MGA_0.05_21,max,january_test
3,1612.8848,140808060.0,23,p7_2045_high_low_REF_high,MGA_0.05_21,max,january_test
4,1399.9996,146467950.0,23,p7_2045_high_low_REF_high,MGA_0.05_21,max,january_test
5,2241.0776,188411890.0,23,p7_2045_high_low_REF_high,MGA_0.05_21,max,january_test
6,-0.000243319,-33.334216999999995,23,p7_2045_high_low_REF_high,MGA_0.05_21,max,january_test
7,740.0001,46869388.0,23,p7_2045_high_low_REF_high,MGA_0.05_21,max,january_test
8,5150.0,210985200.0,23,p7_2045_high_low_REF_high,MGA_0.05_21,max,january_test
9,4149.9985,168676690.0,23,p7_2045_high_low_REF_high,MGA_0.05_21,max,january_test
10,664.0002,34073830.0,23,p7_2045_high_low_REF_high,MGA_0.05_21,max,january_test
1,-3.5267807e-05,-3.2127564,Base,p7_2045_high_low_REF_high,Base,max,january_test
2,99.99801,9226516.0,Base,p7_2045_high_low_REF_high,Base,max,january_test
3,-6.32816e-06,-0.552461,Base,p7_2045_high_low_REF_high,Base,max,january_test
4,1399.9889,146466830.0,Base,p7_2045_high_low_REF_high,Base,max,january_test
5,7.282053399999999e-05,6.1221676,Base,p7_2045_high_low_REF_high,Base,max,january_test
6,-3.3647073e-05,-4.609582,Base,p7_2045_high_low_REF_high,Base,max,january_test
7,739.99945,46869344.0,Base,p7_2045_high_low_REF_high,Base,max,january_test
8,5149.9995,210985180.0,Base,p7_2045_high_low_REF_high,Base,max,january_test
9,4149.9854,168676160.0,Base,p7_2045_high_low_REF_high,Base,max,january_test
10,663.9999,34073820.0,Base,p7_2045_high_low_REF_high,Base,max,january_test
1,-0.00038023092,-34.637516,24,p7_2045_high_low_REF_high,MGA_0.05_2,max,january_test
2,99.967865,9223735.0,24,p7_2045_high_low_REF_high,MGA_0.05_2,max,january_test
3,-0.00037961954,-33.141544,24,p7_2045_high_low_REF_high,MGA_0.05_2,max,january_test
4,-0.00038035252,-39.79248,24,p7_2045_high_low_REF_high,MGA_0.05_2,max,january_test
5,-0.00038524362000000003,-32.388203000000004,24,p7_2045_high_low_REF_high,MGA_0.05_2,max,january_test
6,-0.00038239187999999994,-52.38692,24,p7_2045_high_low_REF_high,MGA_0.05_2,max,january_test
7,739.9988,46869300.0,24,p7_2045_high_low_REF_high,MGA_0.05_2,max,january_test
8,5149.9929999999995,210984930.0,24,p7_2045_high_low_REF_high,MGA_0.05_2,max,january_test
9,2004.5071,81473190.0,24,p7_2045_high_low_REF_high,MGA_0.05_2,max,january_test
10,663.9994,34073790.0,24,p7_2045_high_low_REF_high,MGA_0.05_2,max,january_test
1,3674.9956,334777380.0,25,p7_2045_high_low_REF_high,MGA_0.05_12,max,january_test
2,99.996796,9226405.0,25,p7_2045_high_low_REF_high,MGA_0.05_12,max,january_test
3,-0.00013732201,-11.988486,25,p7_2045_high_low_REF_high,MGA_0.05_12,max,january_test
4,1399.9966,146467650.0,25,p7_2045_high_low_REF_high,MGA_0.05_12,max,january_test
5,-0.00018011638999999998,-15.142745000000001,25,p7_2045_high_low_REF_high,MGA_0.05_12,max,january_test
6,598.56335,82001976.0,25,p7_2045_high_low_REF_high,MGA_0.05_12,max,january_test
7,739.9996,46869350.0,25,p7_2045_high_low_REF_high,MGA_0.05_12,max,january_test
8,5150.0,210985200.0,25,p7_2045_high_low_REF_high,MGA_0.05_12,max,january_test
9,4149.9995,168676720.0,25,p7_2045_high_low_REF_high,MGA_0.05_12,max,january_test
10,664.0002,34073830.0,25,p7_2045_high_low_REF_high,MGA_0.05_12,max,january_test
1,-6.172167e-05,-5.6225977,26,p7_2045_high_low_REF_high,MGA_0.05_4,max,january_test
2,99.99969499999999,9226672.0,26,p7_2045_high_low_REF_high,MGA_0.05_4,max,january_test
3,-2.8376768e-05,-2.4773486,26,p7_2045_high_low_REF_high,MGA_0.05_4,max,january_test
4,1399.9991,146467900.0,26,p7_2045_high_low_REF_high,MGA_0.05_4,max,january_test
5,-5.968678299999999e-05,-5.0179873,26,p7_2045_high_low_REF_high,MGA_0.05_4,max,january_test
6,-6.18203e-05,-8.469257,26,p7_2045_high_low_REF_high,MGA_0.05_4,max,january_test
7,740.0,46869380.0,26,p7_2045_high_low_REF_high,MGA_0.05_4,max,january_test
8,5150.0,210985200.0,26,p7_2045_high_low_REF_high,MGA_0.05_4,max,january_test
9,3739.784,152003520.0,26,p7_2045_high_low_REF_high,MGA_0.05_4,max,january_test
10,664.00006,34073828.0,26,p7_2045_high_low_REF_high,MGA_0.05_4,max,january_test
1,-0.00022015148999999997,-20.054920000000003,27,p7_2045_high_low_REF_high,MGA_0.05_7,max,january_test
2,99.997765,9226494.0,27,p7_2045_high_low_REF_high,MGA_0.05_7,max,january_test
3,1487.953,129901280.0,27,p7_2045_high_low_REF_high,MGA_0.05_7,max,january_test
4,9.995356e-05,10.457142,27,p7_2045_high_low_REF_high,MGA_0.05_7,max,january_test
5,2054.3901,172716690.0,27,p7_2045_high_low_REF_high,MGA_0.05_7,max,january_test
6,-0.00022176321,-30.381117,27,p7_2045_high_low_REF_high,MGA_0.05_7,max,january_test
7,739.9996,46869350.0,27,p7_2045_high_low_REF_high,MGA_0.05_7,max,january_test
8,5149.9966,210985060.0,27,p7_2045_high_low_REF_high,MGA_0.05_7,max,january_test
9,4106.535,166910110.0,27,p7_2045_high_low_REF_high,MGA_0.05_7,max,january_test
10,663.9995,34073800.0,27,p7_2045_high_low_REF_high,MGA_0.05_7,max,january_test
1,3674.9973,334777570.0,28,p7_2045_high_low_REF_high,MGA_0.05_13,max,january_test
2,100.000206,9226719.0,28,p7_2045_high_low_REF_high,MGA_0.05_13,max,january_test
3,7.812727e-05,6.820667,28,p7_2045_high_low_REF_high,MGA_0.05_13,max,january_test
4,1399.9991,146467900.0,28,p7_2045_high_low_REF_high,MGA_0.05_13,max,january_test
5,-0.00033725065000000004,-28.353338,28,p7_2045_high_low_REF_high,MGA_0.05_13,max,january_test
6,2857.9812,391537700.0,28,p7_2045_high_low_REF_high,MGA_0.05_13,max,january_test
7,740.0002400000001,46869396.0,28,p7_2045_high_low_REF_high,MGA_0.05_13,max,january_test
8,5150.0,210985220.0,28,p7_2045_high_low_REF_high,MGA_0.05_13,max,january_test
9,3233.1846,131412790.0,28,p7_2045_high_low_REF_high,MGA_0.05_13,max,january_test
10,664.00037,34073840.0,28,p7_2045_high_low_REF_high,MGA_0.05_13,max,january_test
1,3674.9897,334776860.0,29,p7_2045_high_low_REF_high,MGA_0.05_22,max,january_test
2,99.99547,9226282.0,29,p7_2045_high_low_REF_high,MGA_0.05_22,max,january_test
3,1710.1356,149298270.0,29,p7_2045_high_low_REF_high,MGA_0.05_22,max,january_test
4,-0.00020113835,-21.043095,29,p7_2045_high_low_REF_high,MGA_0.05_22,max,january_test
5,-0.00021958881000000001,-18.461271,29,p7_2045_high_low_REF_high,MGA_0.05_22,max,january_test
6,0.0009286119599999999,127.21798999999999,29,p7_2045_high_low_REF_high,MGA_0.05_22,max,january_test
7,739.99866,46869296.0,29,p7_2045_high_low_REF_high,MGA_0.05_22,max,january_test
8,5150.0,210985200.0,29,p7_2045_high_low_REF_high,MGA_0.05_22,max,january_test
9,4149.9985,168676690.0,29,p7_2045_high_low_REF_high,MGA_0.05_22,max,january_test
10,663.9998,34073816.0,29,p7_2045_high_low_REF_high,MGA_0.05_22,max,january_test
1,-9.526356e-05,-8.678129,30,p7_2045_high_low_REF_high,MGA_0.05_16,min,january_test
2,99.999664,9226669.0,30,p7_2045_high_low_REF_high,MGA_0.05_16,min,january_test
3,976.6106,85260056.0,30,p7_2045_high_low_REF_high,MGA_0.05_16,min,january_test
4,1399.9987,146467860.0,30,p7_2045_high_low_REF_high,MGA_0.05_16,min,january_test
5,-6.899825e-05,-5.800821,30,p7_2045_high_low_REF_high,MGA_0.05_16,min,january_test
6,-9.342846999999999e-05,-12.799514,30,p7_2045_high_low_REF_high,MGA_0.05_16,min,january_test
7,739.99994,46869376.0,30,p7_2045_high_low_REF_high,MGA_0.05_16,min,january_test
8,5150.0,210985180.0,30,p7_2045_high_low_REF_high,MGA_0.05_16,min,january_test
9,4150.0,168676750.0,30,p7_2045_high_low_REF_high,MGA_0.05_16,min,january_test
10,664.00006,34073828.0,30,p7_2045_high_low_REF_high,MGA_0.05_16,min,january_test
1,-3.9090573e-05,-3.5609949999999997,31,p7_2045_high_low_REF_high,MGA_0.05_14,min,january_test
2,99.99877,9226587.0,31,p7_2045_high_low_REF_high,MGA_0.05_14,min,january_test
3,0.00035403605,30.908056,31,p7_2045_high_low_REF_high,MGA_0.05_14,min,january_test
4,798.11316,83498600.0,31,p7_2045_high_low_REF_high,MGA_0.05_14,min,january_test
5,10463.998,879729200.0,31,p7_2045_high_low_REF_high,MGA_0.05_14,min,january_test
6,-7.1272574e-05,-9.7642,31,p7_2045_high_low_REF_high,MGA_0.05_14,min,january_test
7,739.9997,46869360.0,31,p7_2045_high_low_REF_high,MGA_0.05_14,min,january_test
8,5150.0,210985200.0,31,p7_2045_high_low_REF_high,MGA_0.05_14,min,january_test
9,4149.997,168676620.0,31,p7_2045_high_low_REF_high,MGA_0.05_14,min,january_test
10,664.00006,34073828.0,31,p7_2045_high_low_REF_high,MGA_0.05_14,min,january_test
1,3674.9990000000003,334777730.0,32,p7_2045_high_low_REF_high,MGA_0.05_17,min,january_test
2,99.99911,9226617.0,32,p7_2045_high_low_REF_high,MGA_0.05_17,min,january_test
3,3674.9995,320834800.0,32,p7_2045_high_low_REF_high,MGA_0.05_17,min,january_test
4,1399.9996,146467970.0,32,p7_2045_high_low_REF_high,MGA_0.05_17,min,january_test
5,1103.5084,92774160.0,32,p7_2045_high_low_REF_high,MGA_0.05_17,min,january_test
6,5.0941097e-05,6.9788284,32,p7_2045_high_low_REF_high,MGA_0.05_17,min,january_test
7,740.0,46869380.0,32,p7_2045_high_low_REF_high,MGA_0.05_17,min,january_test
8,5150.0,210985200.0,32,p7_2045_high_low_REF_high,MGA_0.05_17,min,january_test
9,1366.0826,55524428.0,32,p7_2045_high_low_REF_high,MGA_0.05_17,min,january_test
10,663.99994,34073820.0,32,p7_2045_high_low_REF_high,MGA_0.05_17,min,january_test
1,2138.6797,194825170.0,33,p7_2045_high_low_REF_high,MGA_0.05_3,min,january_test
2,99.99974,9226676.0,33,p7_2045_high_low_REF_high,MGA_0.05_3,min,january_test
3,2903.2485,253459410.0,33,p7_2045_high_low_REF_high,MGA_0.05_3,min,january_test
4,1399.9991,146467900.0,33,p7_2045_high_low_REF_high,MGA_0.05_3,min,january_test
5,-1.3337089000000001e-05,-1.1212758,33,p7_2045_high_low_REF_high,MGA_0.05_3,min,january_test
6,-1.3580436999999999e-05,-1.8604927,33,p7_2045_high_low_REF_high,MGA_0.05_3,min,january_test
7,739.99994,46869376.0,33,p7_2045_high_low_REF_high,MGA_0.05_3,min,january_test
8,5149.9995,210985180.0,33,p7_2045_high_low_REF_high,MGA_0.05_3,min,january_test
9,4150.0,168676750.0,33,p7_2045_high_low_REF_high,MGA_0.05_3,min,january_test
10,664.0,34073824.0,33,p7_2045_high_low_REF_high,MGA_0.05_3,min,january_test
1,-0.00011175553,-10.180482000000001,34,p7_2045_high_low_REF_high,MGA_0.05_9,min,january_test
2,99.99962,9226665.0,34,p7_2045_high_low_REF_high,MGA_0.05_9,min,january_test
3,2163.2139,188852900.0,34,p7_2045_high_low_REF_high,MGA_0.05_9,min,january_test
4,1399.9995,146467940.0,34,p7_2045_high_low_REF_high,MGA_0.05_9,min,january_test
5,912.2588,76695420.0,34,p7_2045_high_low_REF_high,MGA_0.05_9,min,january_test
6,-0.00010017919,-13.724348999999998,34,p7_2045_high_low_REF_high,MGA_0.05_9,min,january_test
7,740.0,46869380.0,34,p7_2045_high_low_REF_high,MGA_0.05_9,min,january_test
8,5149.9995,210985180.0,34,p7_2045_high_low_REF_high,MGA_0.05_9,min,january_test
9,4150.0,168676750.0,34,p7_2045_high_low_REF_high,MGA_0.05_9,min,january_test
10,664.0002,34073830.0,34,p7_2045_high_low_REF_high,MGA_0.05_9,min,january_test
1,3674.9956,334777400.0,35,p7_2045_high_low_REF_high,MGA_0.05_1,min,january_test
2,99.99786999999999,9226504.0,35,p7_2045_high_low_REF_high,MGA_0.05_1,min,january_test
3,1101.6108,96172824.0,35,p7_2045_high_low_REF_high,MGA_0.05_1,min,january_test
4,1399.9996,146467950.0,35,p7_2045_high_low_REF_high,MGA_0.05_1,min,january_test
5,-2.5774594000000002e-05,-2.1669218999999997,35,p7_2045_high_low_REF_high,MGA_0.05_1,min,january_test
6,405.87917999999996,55604636.0,35,p7_2045_high_low_REF_high,MGA_0.05_1,min,january_test
7,740.0,46869380.0,35,p7_2045_high_low_REF_high,MGA_0.05_1,min,january_test
8,5150.0,210985200.0,35,p7_2045_high_low_REF_high,MGA_0.05_1,min,january_test
9,2097.455,85251060.0,35,p7_2045_high_low_REF_high,MGA_0.05_1,min,january_test
10,664.0,34073824.0,35,p7_2045_high_low_REF_high,MGA_0.05_1,min,january_test
1,3674.9915,334777020.0,36,p7_2045_high_low_REF_high,MGA_0.05_23,min,january_test
2,99.99998000000001,9226698.0,36,p7_2045_high_low_REF_high,MGA_0.05_23,min,january_test
3,12.233949,1068048.2,36,p7_2045_high_low_REF_high,MGA_0.05_23,min,january_test
4,1241.5503,129890990.0,36,p7_2045_high_low_REF_high,MGA_0.05_23,min,january_test
5,10463.993,879728830.0,36,p7_2045_high_low_REF_high,MGA_0.05_23,min,january_test
6,1850.8062,253556750.0,36,p7_2045_high_low_REF_high,MGA_0.05_23,min,january_test
7,739.99786,46869244.0,36,p7_2045_high_low_REF_high,MGA_0.05_23,min,january_test
8,5150.0,210985200.0,36,p7_2045_high_low_REF_high,MGA_0.05_23,min,january_test
9,4149.9995,168676720.0,36,p7_2045_high_low_REF_high,MGA_0.05_23,min,january_test
10,664.0,34073824.0,36,p7_2045_high_low_REF_high,MGA_0.05_23,min,january_test
1,-2.7591220000000002e-05,-2.5134497000000002,37,p7_2045_high_low_REF_high,MGA_0.05_26,min,january_test
2,-0.00017353203999999998,-16.01128,37,p7_2045_high_low_REF_high,MGA_0.05_26,min,january_test
3,3674.9956,320834460.0,37,p7_2045_high_low_REF_high,MGA_0.05_26,min,january_test
4,742.9799,77730560.0,37,p7_2045_high_low_REF_high,MGA_0.05_26,min,january_test
5,-0.0002857281,-24.021732,37,p7_2045_high_low_REF_high,MGA_0.05_26,min,january_test
6,8.830663000000001e-05,12.097832,37,p7_2045_high_low_REF_high,MGA_0.05_26,min,january_test
7,739.9989999999999,46869320.0,37,p7_2045_high_low_REF_high,MGA_0.05_26,min,january_test
8,5150.0,210985200.0,37,p7_2045_high_low_REF_high,MGA_0.05_26,min,january_test
9,2182.4,88703650.0,37,p7_2045_high_low_REF_high,MGA_0.05_26,min,january_test
10,663.9996,34073804.0,37,p7_2045_high_low_REF_high,MGA_0.05_26,min,january_test
1,-9.702038e-05,-8.838168,38,p7_2045_high_low_REF_high,MGA_0.05_6,min,january_test
2,-8.193574e-05,-7.5599647,38,p7_2045_high_low_REF_high,MGA_0.05_6,min,january_test
3,3674.9995,320834800.0,38,p7_2045_high_low_REF_high,MGA_0.05_6,min,january_test
4,-7.1221984e-05,-7.451244,38,p7_2045_high_low_REF_high,MGA_0.05_6,min,january_test
5,-8.949937e-05,-7.5243910000000005,38,p7_2045_high_low_REF_high,MGA_0.05_6,min,january_test
6,262.8734,36013132.0,38,p7_2045_high_low_REF_high,MGA_0.05_6,min,january_test
7,739.9981700000001,46869264.0,38,p7_2045_high_low_REF_high,MGA_0.05_6,min,january_test
8,5150.0,210985200.0,38,p7_2045_high_low_REF_high,MGA_0.05_6,min,january_test
9,4150.0,168676750.0,38,p7_2045_high_low_REF_high,MGA_0.05_6,min,january_test
10,664.00006,34073828.0,38,p7_2045_high_low_REF_high,MGA_0.05_6,min,january_test
1,3674.9973,334777570.0,39,p7_2045_high_low_REF_high,MGA_0.05_5,min,january_test
2,99.99879,9226588.0,39,p7_2045_high_low_REF_high,MGA_0.05_5,min,january_test
3,3674.9993,320834780.0,39,p7_2045_high_low_REF_high,MGA_0.05_5,min,january_test
4,-3.7224214e-05,-3.894397,39,p7_2045_high_low_REF_high,MGA_0.05_5,min,january_test
5,6899.9204,580090100.0,39,p7_2045_high_low_REF_high,MGA_0.05_5,min,january_test
6,-0.00018698409,-25.616447,39,p7_2045_high_low_REF_high,MGA_0.05_5,min,january_test
7,740.00006,46869384.0,39,p7_2045_high_low_REF_high,MGA_0.05_5,min,january_test
8,5149.999,210985150.0,39,p7_2045_high_low_REF_high,MGA_0.05_5,min,january_test
9,1607.2548,65326868.0,39,p7_2045_high_low_REF_high,MGA_0.05_5,min,january_test
10,664.00006,34073828.0,39,p7_2045_high_low_REF_high,MGA_0.05_5,min,january_test
1,-0.00013724927,-12.502858999999999,40,p7_2045_high_low_REF_high,MGA_0.05_24,min,january_test
2,99.99986,9226687.0,40,p7_2045_high_low_REF_high,MGA_0.05_24,min,january_test
3,-4.4136174e-05,-3.8531760000000004,40,p7_2045_high_low_REF_high,MGA_0.05_24,min,january_test
4,1399.9995,146467950.0,40,p7_2045_high_low_REF_high,MGA_0.05_24,min,january_test
5,5614.2803,472003780.0,40,p7_2045_high_low_REF_high,MGA_0.05_24,min,january_test
6,-0.00013396163999999998,-18.352476,40,p7_2045_high_low_REF_high,MGA_0.05_24,min,january_test
7,740.00006,46869384.0,40,p7_2045_high_low_REF_high,MGA_0.05_24,min,january_test
8,5150.0,210985200.0,40,p7_2045_high_low_REF_high,MGA_0.05_24,min,january_test
9,1356.7148,55143670.0,40,p7_2045_high_low_REF_high,MGA_0.05_24,min,january_test
10,664.0001,34073830.0,40,p7_2045_high_low_REF_high,MGA_0.05_24,min,january_test
1,3674.9993,334777730.0,41,p7_2045_high_low_REF_high,MGA_0.05_18,min,january_test
2,99.99797,9226513.0,41,p7_2045_high_low_REF_high,MGA_0.05_18,min,january_test
3,-9.186921e-05,-8.020366000000001,41,p7_2045_high_low_REF_high,MGA_0.05_18,min,january_test
4,1399.9999,146467980.0,41,p7_2045_high_low_REF_high,MGA_0.05_18,min,january_test
5,2509.07,210942540.0,41,p7_2045_high_low_REF_high,MGA_0.05_18,min,january_test
6,0.0013198256,180.81348,41,p7_2045_high_low_REF_high,MGA_0.05_18,min,january_test
7,740.00006,46869384.0,41,p7_2045_high_low_REF_high,MGA_0.05_18,min,january_test
8,5150.0,210985200.0,41,p7_2045_high_low_REF_high,MGA_0.05_18,min,january_test
9,6.584842999999999e-06,0.26764095,41,p7_2045_high_low_REF_high,MGA_0.05_18,min,january_test
10,664.00006,34073828.0,41,p7_2045_high_low_REF_high,MGA_0.05_18,min,january_test
1,-0.00021610447,-19.686253,42,p7_2045_high_low_REF_high,MGA_0.05_10,min,january_test
2,99.99911999999999,9226619.0,42,p7_2045_high_low_REF_high,MGA_0.05_10,min,january_test
3,86.16579399999999,7522446.0,42,p7_2045_high_low_REF_high,MGA_0.05_10,min,january_test
4,1399.9846,146466400.0,42,p7_2045_high_low_REF_high,MGA_0.05_10,min,january_test
5,-0.00014560168,-12.241024000000001,42,p7_2045_high_low_REF_high,MGA_0.05_10,min,january_test
6,0.0035262185,483.0849,42,p7_2045_high_low_REF_high,MGA_0.05_10,min,january_test
7,739.99963,46869360.0,42,p7_2045_high_low_REF_high,MGA_0.05_10,min,january_test
8,5150.0,210985200.0,42,p7_2045_high_low_REF_high,MGA_0.05_10,min,january_test
9,1906.7219,77498710.0,42,p7_2045_high_low_REF_high,MGA_0.05_10,min,january_test
10,664.00006,34073828.0,42,p7_2045_high_low_REF_high,MGA_0.05_10,min,january_test
1,-0.00015003601999999999,-13.667682000000001,43,p7_2045_high_low_REF_high,MGA_0.05_27,min,january_test
2,99.99996999999999,9226697.0,43,p7_2045_high_low_REF_high,MGA_0.05_27,min,january_test
3,1450.9309,126669170.0,43,p7_2045_high_low_REF_high,MGA_0.05_27,min,january_test
4,1399.9994,146467940.0,43,p7_2045_high_low_REF_high,MGA_0.05_27,min,january_test
5,-5.0976099999999995e-05,-4.2856627,43,p7_2045_high_low_REF_high,MGA_0.05_27,min,january_test
6,2.0875630000000003e-05,2.8599195,43,p7_2045_high_low_REF_high,MGA_0.05_27,min,january_test
7,740.0,46869380.0,43,p7_2045_high_low_REF_high,MGA_0.05_27,min,january_test
8,5150.0,210985200.0,43,p7_2045_high_low_REF_high,MGA_0.05_27,min,january_test
9,4149.9995,168676740.0,43,p7_2045_high_low_REF_high,MGA_0.05_27,min,january_test
10,664.0001,34073830.0,43,p7_2045_high_low_REF_high,MGA_0.05_27,min,january_test
1,1702.745,155113250.0,44,p7_2045_high_low_REF_high,MGA_0.05_20,min,january_test
2,99.9991,9226617.0,44,p7_2045_high_low_REF_high,MGA_0.05_20,min,january_test
3,-3.4862125e-05,-3.0435333,44,p7_2045_high_low_REF_high,MGA_0.05_20,min,january_test
4,461.28665,48259810.0,44,p7_2045_high_low_REF_high,MGA_0.05_20,min,january_test
5,10463.998,879729300.0,44,p7_2045_high_low_REF_high,MGA_0.05_20,min,january_test
6,-9.811383e-05,-13.441398999999999,44,p7_2045_high_low_REF_high,MGA_0.05_20,min,january_test
7,740.0,46869380.0,44,p7_2045_high_low_REF_high,MGA_0.05_20,min,january_test
8,5150.0,210985200.0,44,p7_2045_high_low_REF_high,MGA_0.05_20,min,january_test
9,2626.4832,106753410.0,44,p7_2045_high_low_REF_high,MGA_0.05_20,min,january_test
10,664.00006,34073828.0,44,p7_2045_high_low_REF_high,MGA_0.05_20,min,january_test
1,3674.9956,334777400.0,45,p7_2045_high_low_REF_high,MGA_0.05_15,min,january_test
2,99.99975,9226677.0,45,p7_2045_high_low_REF_high,MGA_0.05_15,min,january_test
3,1376.9218,120208024.0,45,p7_2045_high_low_REF_high,MGA_0.05_15,min,january_test
4,-0.00011911636,-12.461953,45,p7_2045_high_low_REF_high,MGA_0.05_15,min,january_test
5,1.621049e-05,1.3628483999999998,45,p7_2045_high_low_REF_high,MGA_0.05_15,min,january_test
6,-6.344497e-06,-0.86918336,45,p7_2045_high_low_REF_high,MGA_0.05_15,min,january_test
7,739.9992,46869330.0,45,p7_2045_high_low_REF_high,MGA_0.05_15,min,january_test
8,5150.0,210985200.0,45,p7_2045_high_low_REF_high,MGA_0.05_15,min,january_test
9,4150.0,168676750.0,45,p7_2045_high_low_REF_high,MGA_0.05_15,min,january_test
10,664.0001,34073828.0,45,p7_2045_high_low_REF_high,MGA_0.05_15,min,january_test
1,-3.9399412e-05,-3.5891287000000003,46,p7_2045_high_low_REF_high,MGA_0.05_19,min,january_test
2,99.9999,9226691.0,46,p7_2045_high_low_REF_high,MGA_0.05_19,min,january_test
3,3674.9998,320834800.0,46,p7_2045_high_low_REF_high,MGA_0.05_19,min,january_test
4,1399.9979,146467780.0,46,p7_2045_high_low_REF_high,MGA_0.05_19,min,january_test
5,10463.999,879729300.0,46,p7_2045_high_low_REF_high,MGA_0.05_19,min,january_test
6,0.0017894347,245.14897000000002,46,p7_2045_high_low_REF_high,MGA_0.05_19,min,january_test
7,740.0001,46869388.0,46,p7_2045_high_low_REF_high,MGA_0.05_19,min,january_test
8,5149.9995,210985180.0,46,p7_2045_high_low_REF_high,MGA_0.05_19,min,january_test
9,4150.0,168676750.0,46,p7_2045_high_low_REF_high,MGA_0.05_19,min,january_test
10,664.0001,34073828.0,46,p7_2045_high_low_REF_high,MGA_0.05_19,min,january_test
1,448.42105,40849364.0,47,p7_2045_high_low_REF_high,MGA_0.05_25,min,january_test
2,99.99969,9226671.0,47,p7_2045_high_low_REF_high,MGA_0.05_25,min,january_test
3,272.84517999999997,23819930.0,47,p7_2045_high_low_REF_high,MGA_0.05_25,min,january_test
4,1116.7397,116833310.0,47,p7_2045_high_low_REF_high,MGA_0.05_25,min,january_test
5,10463.998,879729300.0,47,p7_2045_high_low_REF_high,MGA_0.05_25,min,january_test
6,-0.000114085,-15.629416,47,p7_2045_high_low_REF_high,MGA_0.05_25,min,january_test
7,740.00006,46869384.0,47,p7_2045_high_low_REF_high,MGA_0.05_25,min,january_test
8,5149.9995,210985180.0,47,p7_2045_high_low_REF_high,MGA_0.05_25,min,january_test
9,3221.3184,130930480.0,47,p7_2045_high_low_REF_high,MGA_0.05_25,min,january_test
10,664.0001,34073828.0,47,p7_2045_high_low_REF_high,MGA_0.05_25,min,january_test
1,914.1754,83277730.0,48,p7_2045_high_low_REF_high,MGA_0.05_11,min,january_test
2,99.999664,9226669.0,48,p7_2045_high_low_REF_high,MGA_0.05_11,min,january_test
3,-1.738621e-05,-1.5178508999999998,48,p7_2045_high_low_REF_high,MGA_0.05_11,min,january_test
4,1399.9994,146467940.0,48,p7_2045_high_low_REF_high,MGA_0.05_11,min,january_test
5,7428.705,624546100.0,48,p7_2045_high_low_REF_high,MGA_0.05_11,min,january_test
6,-2.8203579999999997e-05,-3.8638341,48,p7_2045_high_low_REF_high,MGA_0.05_11,min,january_test
7,740.0,46869380.0,48,p7_2045_high_low_REF_high,MGA_0.05_11,min,january_test
8,5150.0,210985200.0,48,p7_2045_high_low_REF_high,MGA_0.05_11,min,january_test
9,2661.8838,108192270.0,48,p7_2045_high_low_REF_high,MGA_0.05_11,min,january_test
10,664.0,34073824.0,48,p7_2045_high_low_REF_high,MGA_0.05_11,min,january_test
1,3055.9559999999997,278385380.0,49,p7_2045_high_low_REF_high,MGA_0.05_8,min,january_test
2,99.99984,9226685.0,49,p7_2045_high_low_REF_high,MGA_0.05_8,min,january_test
3,85.19224,7437453.0,49,p7_2045_high_low_REF_high,MGA_0.05_8,min,january_test
4,1399.9985,146467860.0,49,p7_2045_high_low_REF_high,MGA_0.05_8,min,january_test
5,1.9297438e-05,1.6223742,49,p7_2045_high_low_REF_high,MGA_0.05_8,min,january_test
6,-6.239963e-05,-8.548624,49,p7_2045_high_low_REF_high,MGA_0.05_8,min,january_test
7,739.9999,46869372.0,49,p7_2045_high_low_REF_high,MGA_0.05_8,min,january_test
8,5150.0,210985200.0,49,p7_2045_high_low_REF_high,MGA_0.05_8,min,january_test
9,1408.6357,57254000.0,49,p7_2045_high_low_REF_high,MGA_0.05_8,min,january_test
10,664.00006,34073828.0,49,p7_2045_high_low_REF_high,MGA_0.05_8,min,january_test
1,3674.969,334774980.0,50,p7_2045_high_low_REF_high,MGA_0.05_21,min,january_test
2,99.9975,9226469.0,50,p7_2045_high_low_REF_high,MGA_0.05_21,min,january_test
3,3674.9993,320834780.0,50,p7_2045_high_low_REF_high,MGA_0.05_21,min,january_test
4,-0.00012997431999999998,-13.597913,50,p7_2045_high_low_REF_high,MGA_0.05_21,min,january_test
5,7.038827e-05,5.917682599999999,50,p7_2045_high_low_REF_high,MGA_0.05_21,min,january_test
6,-0.00012458874,-17.068407,50,p7_2045_high_low_REF_high,MGA_0.05_21,min,january_test
7,739.9988400000001,46869308.0,50,p7_2045_high_low_REF_high,MGA_0.05_21,min,january_test
8,5149.998,210985120.0,50,p7_2045_high_low_REF_high,MGA_0.05_21,min,january_test
9,4150.0,168676750.0,50,p7_2045_high_low_REF_high,MGA_0.05_21,min,january_test
10,664.0001,34073830.0,50,p7_2045_high_low_REF_high,MGA_0.05_21,min,january_test
1,-7.543800999999999e-05,-6.872101,51,p7_2045_high_low_REF_high,MGA_0.05_2,min,january_test
2,99.99987,9226688.0,51,p7_2045_high_low_REF_high,MGA_0.05_2,min,january_test
3,2.5556226000000002e-05,2.2311096,51,p7_2045_high_low_REF_high,MGA_0.05_2,min,january_test
4,1399.999,146467900.0,51,p7_2045_high_low_REF_high,MGA_0.05_2,min,january_test
5,5580.919,469199000.0,51,p7_2045_high_low_REF_high,MGA_0.05_2,min,january_test
6,-0.00033159848,-45.428329999999995,51,p7_2045_high_low_REF_high,MGA_0.05_2,min,january_test
7,739.99994,46869376.0,51,p7_2045_high_low_REF_high,MGA_0.05_2,min,january_test
8,5150.0,210985200.0,51,p7_2045_high_low_REF_high,MGA_0.05_2,min,january_test
9,4149.9854,168676160.0,51,p7_2045_high_low_REF_high,MGA_0.05_2,min,january_test
10,664.0003,34073840.0,51,p7_2045_high_low_REF_high,MGA_0.05_2,min,january_test
1,3674.986,334776540.0,52,p7_2045_high_low_REF_high,MGA_0.05_12,min,january_test
2,99.99840999999999,9226554.0,52,p7_2045_high_low_REF_high,MGA_0.05_12,min,january_test
3,2082.7905,181831780.0,52,p7_2045_high_low_REF_high,MGA_0.05_12,min,january_test
4,113.97355,11923913.0,52,p7_2045_high_low_REF_high,MGA_0.05_12,min,january_test
5,-6.932305999999999e-05,-5.8281282999999995,52,p7_2045_high_low_REF_high,MGA_0.05_12,min,january_test
6,5.949960400000001e-07,0.08151327,52,p7_2045_high_low_REF_high,MGA_0.05_12,min,january_test
7,739.99994,46869376.0,52,p7_2045_high_low_REF_high,MGA_0.05_12,min,january_test
8,5149.319,210957300.0,52,p7_2045_high_low_REF_high,MGA_0.05_12,min,january_test
9,2574.4902,104640150.0,52,p7_2045_high_low_REF_high,MGA_0.05_12,min,january_test
10,663.9999,34073816.0,52,p7_2045_high_low_REF_high,MGA_0.05_12,min,january_test
1,95.83752,8730415.0,53,p7_2045_high_low_REF_high,MGA_0.05_4,min,january_test
2,99.99895,9226603.0,53,p7_2045_high_low_REF_high,MGA_0.05_4,min,january_test
3,538.8106,47039244.0,53,p7_2045_high_low_REF_high,MGA_0.05_4,min,january_test
4,286.23126,29945514.0,53,p7_2045_high_low_REF_high,MGA_0.05_4,min,january_test
5,10463.999,879729340.0,53,p7_2045_high_low_REF_high,MGA_0.05_4,min,january_test
6,-0.00018736335999999999,-25.668406,53,p7_2045_high_low_REF_high,MGA_0.05_4,min,january_test
7,740.0002,46869388.0,53,p7_2045_high_low_REF_high,MGA_0.05_4,min,january_test
8,5149.998,210985120.0,53,p7_2045_high_low_REF_high,MGA_0.05_4,min,january_test
9,4150.0,168676750.0,53,p7_2045_high_low_REF_high,MGA_0.05_4,min,january_test
10,664.0002,34073830.0,53,p7_2045_high_low_REF_high,MGA_0.05_4,min,january_test
1,1933.4535,176129870.0,54,p7_2045_high_low_REF_high,MGA_0.05_7,min,january_test
2,99.9993,9226635.0,54,p7_2045_high_low_REF_high,MGA_0.05_7,min,january_test
3,3674.9973,320834620.0,54,p7_2045_high_low_REF_high,MGA_0.05_7,min,january_test
4,1399.9977,146467740.0,54,p7_2045_high_low_REF_high,MGA_0.05_7,min,january_test
5,-0.00011275218,-9.479301,54,p7_2045_high_low_REF_high,MGA_0.05_7,min,january_test
6,-7.99784e-05,-10.9568815,54,p7_2045_high_low_REF_high,MGA_0.05_7,min,january_test
7,739.9999,46869372.0,54,p7_2045_high_low_REF_high,MGA_0.05_7,min,january_test
8,5150.0,210985200.0,54,p7_2045_high_low_REF_high,MGA_0.05_7,min,january_test
9,4150.0,168676750.0,54,p7_2045_high_low_REF_high,MGA_0.05_7,min,january_test
10,664.0001,34073828.0,54,p7_2045_high_low_REF_high,MGA_0.05_7,min,january_test
1,1669.297,152066270.0,55,p7_2045_high_low_REF_high,MGA_0.05_13,min,january_test
2,-2.9906878000000003e-05,-2.7594178,55,p7_2045_high_low_REF_high,MGA_0.05_13,min,january_test
3,-2.8213040000000002e-05,-2.4630549999999998,55,p7_2045_high_low_REF_high,MGA_0.05_13,min,january_test
4,1399.9996,146467970.0,55,p7_2045_high_low_REF_high,MGA_0.05_13,min,january_test
5,-2.0142825e-05,-1.6934476000000003,55,p7_2045_high_low_REF_high,MGA_0.05_13,min,january_test
6,-5.458452999999999e-06,-0.74779713,55,p7_2045_high_low_REF_high,MGA_0.05_13,min,january_test
7,739.99994,46869376.0,55,p7_2045_high_low_REF_high,MGA_0.05_13,min,january_test
8,5150.0,210985200.0,55,p7_2045_high_low_REF_high,MGA_0.05_13,min,january_test
9,1109.009,45075668.0,55,p7_2045_high_low_REF_high,MGA_0.05_13,min,january_test
10,664.0,34073824.0,55,p7_2045_high_low_REF_high,MGA_0.05_13,min,january_test
1,3674.9995,334777760.0,56,p7_2045_high_low_REF_high,MGA_0.05_22,min,january_test
2,100.00001,9226701.0,56,p7_2045_high_low_REF_high,MGA_0.05_22,min,january_test
3,-0.00014505264999999998,-12.663386000000001,56,p7_2045_high_low_REF_high,MGA_0.05_22,min,january_test
4,1400.0,146468000.0,56,p7_2045_high_low_REF_high,MGA_0.05_22,min,january_test
5,621.3226,52235830.0,56,p7_2045_high_low_REF_high,MGA_0.05_22,min,january_test
6,1132.1211,155098320.0,56,p7_2045_high_low_REF_high,MGA_0.05_22,min,january_test
7,740.0002,46869390.0,56,p7_2045_high_low_REF_high,MGA_0.05_22,min,january_test
8,5150.0,210985200.0,56,p7_2045_high_low_REF_high,MGA_0.05_22,min,january_test
9,3347.7990000000004,136071300.0,56,p7_2045_high_low_REF_high,MGA_0.05_22,min,january_test
10,664.0002,34073830.0,56,p7_2045_high_low_REF_high,MGA_0.05_22,min,january_test
